WkDay,CivilDate,JewishDate,HolidayHebrew,Plaque1,Plaque2,Plaque3,Plaque4,bottomtext,extrabottomtext,HolidayEnglish,ParshaHebrew,ParshaEnglish,DafYomi,Omer,Alos72,TalisDefault,Sunrise,ShemaMA72,ShemaMA72fix,ShemaGro,ShachrisGro,Midday,MinchaGroLechumra,KetanaGro,PlagGro,Candles,Sunset,Tzes3Stars,Tzes72
Mon,1/1/24,כ׳ טבת תשפ״ד,,משיב הרוח,ותן תל ומטר,,,שויתי ה׳ לנגדי תמיד,,,פרשת שמות,,דף יומי: בבא קמא ס,,5:51 AM,6:25 AM,7:19 AM,8:56 AM,9:03 AM,9:39 AM,10:26 AM,12:00 PM,12:31 PM,2:44 PM,3:43 PM,,4:41 PM,5:27 PM,6:09 PM
Tue,1/2/24,כ״א טבת תשפ״ד,,משיב הרוח,ותן תל ומטר,,,שויתי ה׳ לנגדי תמיד,,,פרשת שמות,,דף יומי: בבא קמא סא,,5:51 AM,6:25 AM,7:19 AM,8:56 AM,9:03 AM,9:39 AM,10:26 AM,12:00 PM,12:31 PM,2:45 PM,3:43 PM,,4:42 PM,5:28 PM,6:10 PM
Wed,1/3/24,כ״ב טבת תשפ״ד,,משיב הרוח,ותן תל ומטר,,,שויתי ה׳ לנגדי תמיד,,,פרשת שמות,,דף יומי: בבא קמא סב,,5:52 AM,6:25 AM,7:20 AM,8:56 AM,9:04 AM,9:40 AM,10:27 AM,12:01 PM,12:32 PM,2:45 PM,3:44 PM,,4:43 PM,5:29 PM,6:11 PM
Thu,1/4/24,כ״ג טבת תשפ״ד,,משיב הרוח,ותן תל ומטר,,,שויתי ה׳ לנגדי תמיד,,,פרשת שמות,,דף יומי: בבא קמא סג,,5:52 AM,6:25 AM,7:20 AM,8:56 AM,9:04 AM,9:40 AM,10:27 AM,12:01 PM,12:32 PM,2:46 PM,3:45 PM,,4:44 PM,5:29 PM,6:12 PM
Fri,1/5/24,כ״ד טבת תשפ״ד,,משיב הרוח,ותן תל ומטר,,הדל״נ 4:27 ,שויתי ה׳ לנגדי תמיד,,,פרשת שמות,,דף יומי: בבא קמא סד,,5:52 AM,6:25 AM,7:20 AM,8:57 AM,9:04 AM,9:40 AM,10:27 AM,12:02 PM,12:33 PM,2:47 PM,3:46 PM,4:27 PM,4:45 PM,5:30 PM,6:12 PM
Sha,1/6/24,כ״ה טבת תשפ״ד,,משיב הרוח,ותן תל ומטר,,,שויתי ה׳ לנגדי תמיד,,,פרשת שמות,Shemos,דף יומי: בבא קמא סה,,5:52 AM,6:25 AM,7:20 AM,8:57 AM,9:04 AM,9:40 AM,10:28 AM,12:02 PM,12:33 PM,2:47 PM,3:47 PM,,4:46 PM,5:31 PM,6:13 PM
Sun,1/7/24,כ״ו טבת תשפ״ד,,משיב הרוח,ותן תל ומטר,,,שויתי ה׳ לנגדי תמיד,,,פרשת וארא,,דף יומי: בבא קמא סו,,5:52 AM,6:25 AM,7:20 AM,8:57 AM,9:05 AM,9:41 AM,10:28 AM,12:03 PM,12:34 PM,2:48 PM,3:47 PM,,4:47 PM,5:32 PM,6:14 PM
Mon,1/8/24,כ״ז טבת תשפ״ד,,משיב הרוח,ותן תל ומטר,,,שויתי ה׳ לנגדי תמיד,,,פרשת וארא,,דף יומי: בבא קמא סז,,5:52 AM,6:25 AM,7:19 AM,8:57 AM,9:05 AM,9:41 AM,10:28 AM,12:03 PM,12:34 PM,2:49 PM,3:48 PM,,4:48 PM,5:33 PM,6:15 PM
Tue,1/9/24,כ״ח טבת תשפ״ד,,משיב הרוח,ותן תל ומטר,,,שויתי ה׳ לנגדי תמיד,,,פרשת וארא,,דף יומי: בבא קמא סח,,5:52 AM,6:25 AM,7:19 AM,8:58 AM,9:05 AM,9:41 AM,10:28 AM,12:03 PM,12:34 PM,2:50 PM,3:49 PM,,4:49 PM,5:34 PM,6:16 PM
Wed,1/10/24,כ״ט טבת תשפ״ד,,משיב הרוח,ותן תל ומטר,,,שויתי ה׳ לנגדי תמיד,,,פרשת וארא,,דף יומי: בבא קמא סט,,5:52 AM,6:25 AM,7:19 AM,8:58 AM,9:05 AM,9:41 AM,10:29 AM,12:04 PM,12:35 PM,2:51 PM,3:50 PM,,4:50 PM,5:35 PM,6:17 PM
Thu,1/11/24,א׳ שבט תשפ״ד,ראש חודש שבט,משיב הרוח,ותן תל ומטר,יעלה ויבא,,שויתי ה׳ לנגדי תמיד,,Rosh Chodesh,פרשת וארא,,דף יומי: בבא קמא ע,,5:52 AM,6:25 AM,7:19 AM,8:58 AM,9:05 AM,9:41 AM,10:29 AM,12:04 PM,12:35 PM,2:51 PM,3:51 PM,,4:51 PM,5:36 PM,6:18 PM
Fri,1/12/24,ב׳ שבט תשפ״ד,,משיב הרוח,ותן תל ומטר,,הדל״נ 4:34 ,שויתי ה׳ לנגדי תמיד,,,פרשת וארא,,דף יומי: בבא קמא עא,,5:52 AM,6:25 AM,7:19 AM,8:58 AM,9:05 AM,9:41 AM,10:29 AM,12:05 PM,12:36 PM,2:52 PM,3:52 PM,4:34 PM,4:52 PM,5:37 PM,6:19 PM
Sha,1/13/24,ג׳ שבט תשפ״ד,,משיב הרוח,ותן תל ומטר,,,שויתי ה׳ לנגדי תמיד,,,פרשת וארא,Va'era,דף יומי: בבא קמא עב,,5:52 AM,6:25 AM,7:18 AM,8:58 AM,9:05 AM,9:41 AM,10:29 AM,12:05 PM,12:36 PM,2:53 PM,3:53 PM,,4:53 PM,5:38 PM,6:20 PM
Sun,1/14/24,ד׳ שבט תשפ״ד,,משיב הרוח,ותן תל ומטר,,,שויתי ה׳ לנגדי תמיד,,,פרשת בא,,דף יומי: בבא קמא עג,,5:51 AM,6:25 AM,7:18 AM,8:58 AM,9:05 AM,9:41 AM,10:29 AM,12:05 PM,12:36 PM,2:54 PM,3:54 PM,,4:54 PM,5:39 PM,6:20 PM
Mon,1/15/24,ה׳ שבט תשפ״ד,,משיב הרוח,ותן תל ומטר,,,שויתי ה׳ לנגדי תמיד,,,פרשת בא,,דף יומי: בבא קמא עד,,5:51 AM,6:24 AM,7:18 AM,8:58 AM,9:05 AM,9:41 AM,10:29 AM,12:06 PM,12:37 PM,2:54 PM,3:55 PM,,4:55 PM,5:40 PM,6:21 PM
Tue,1/16/24,ו׳ שבט תשפ״ד,,משיב הרוח,ותן תל ומטר,,,שויתי ה׳ לנגדי תמיד,,,פרשת בא,,דף יומי: בבא קמא עה,,5:51 AM,6:24 AM,7:17 AM,8:58 AM,9:05 AM,9:41 AM,10:29 AM,12:06 PM,12:37 PM,2:55 PM,3:56 PM,,4:56 PM,5:41 PM,6:22 PM
Wed,1/17/24,ז׳ שבט תשפ״ד,,משיב הרוח,ותן תל ומטר,,,שויתי ה׳ לנגדי תמיד,,,פרשת בא,,דף יומי: בבא קמא עו,,5:51 AM,6:24 AM,7:17 AM,8:59 AM,9:05 AM,9:41 AM,10:30 AM,12:06 PM,12:37 PM,2:56 PM,3:57 PM,,4:57 PM,5:42 PM,6:23 PM
Thu,1/18/24,ח׳ שבט תשפ״ד,,משיב הרוח,ותן תל ומטר,,,שויתי ה׳ לנגדי תמיד,,,פרשת בא,,דף יומי: בבא קמא עז,,5:50 AM,6:23 AM,7:16 AM,8:59 AM,9:05 AM,9:41 AM,10:30 AM,12:07 PM,12:38 PM,2:57 PM,3:58 PM,,4:58 PM,5:43 PM,6:24 PM
Fri,1/19/24,ט׳ שבט תשפ״ד,,משיב הרוח,ותן תל ומטר,,הדל״נ 4:41 ,שויתי ה׳ לנגדי תמיד,,,פרשת בא,,דף יומי: בבא קמא עח,,5:50 AM,6:23 AM,7:16 AM,8:59 AM,9:05 AM,9:41 AM,10:30 AM,12:07 PM,12:38 PM,2:58 PM,3:58 PM,4:41 PM,4:59 PM,5:44 PM,6:25 PM
Sha,1/20/24,י׳ שבט תשפ״ד,,משיב הרוח,ותן תל ומטר,,,שויתי ה׳ לנגדי תמיד,,,פרשת בא,Bo,דף יומי: בבא קמא עט,,5:50 AM,6:23 AM,7:15 AM,8:58 AM,9:05 AM,9:41 AM,10:30 AM,12:07 PM,12:38 PM,2:58 PM,3:59 PM,,5:01 PM,5:45 PM,6:26 PM
Sun,1/21/24,י״א שבט תשפ״ד,,משיב הרוח,ותן תל ומטר,,,שויתי ה׳ לנגדי תמיד,,,פרשת בשלח,,דף יומי: בבא קמא פ,,5:49 AM,6:22 AM,7:15 AM,8:58 AM,9:05 AM,9:41 AM,10:30 AM,12:08 PM,12:39 PM,2:59 PM,4:00 PM,,5:02 PM,5:46 PM,6:27 PM
Mon,1/22/24,י״ב שבט תשפ״ד,,משיב הרוח,ותן תל ומטר,,,שויתי ה׳ לנגדי תמיד,,,פרשת בשלח,,דף יומי: בבא קמא פא,,5:49 AM,6:22 AM,7:14 AM,8:58 AM,9:05 AM,9:41 AM,10:30 AM,12:08 PM,12:39 PM,3:00 PM,4:01 PM,,5:03 PM,5:47 PM,6:28 PM
Tue,1/23/24,י״ג שבט תשפ״ד,,משיב הרוח,ותן תל ומטר,,,שויתי ה׳ לנגדי תמיד,,,פרשת בשלח,,דף יומי: בבא קמא פב,,5:48 AM,6:21 AM,7:14 AM,8:58 AM,9:04 AM,9:40 AM,10:30 AM,12:08 PM,12:39 PM,3:01 PM,4:02 PM,,5:04 PM,5:48 PM,6:29 PM
Wed,1/24/24,י״ד שבט תשפ״ד,,משיב הרוח,ותן תל ומטר,,,שויתי ה׳ לנגדי תמיד,,,פרשת בשלח,,דף יומי: בבא קמא פג,,5:48 AM,6:20 AM,7:13 AM,8:58 AM,9:04 AM,9:40 AM,10:30 AM,12:09 PM,12:40 PM,3:02 PM,4:03 PM,,5:05 PM,5:49 PM,6:30 PM
Thu,1/25/24,ט״ו שבט תשפ״ד,ט״ו בשבט,משיב הרוח,ותן תל ומטר,,,שויתי ה׳ לנגדי תמיד,,Tu B'Shvat,פרשת בשלח,,דף יומי: בבא קמא פד,,5:47 AM,6:20 AM,7:12 AM,8:58 AM,9:04 AM,9:40 AM,10:30 AM,12:09 PM,12:40 PM,3:02 PM,4:04 PM,,5:06 PM,5:50 PM,6:31 PM
Fri,1/26/24,ט״ז שבט תשפ״ד,,משיב הרוח,ותן תל ומטר,,הדל״נ 4:50 ,שויתי ה׳ לנגדי תמיד,,,פרשת בשלח,,דף יומי: בבא קמא פה,,5:47 AM,6:19 AM,7:11 AM,8:58 AM,9:04 AM,9:40 AM,10:29 AM,12:09 PM,12:40 PM,3:03 PM,4:05 PM,4:50 PM,5:08 PM,5:51 PM,6:32 PM
Sha,1/27/24,י״ז שבט תשפ״ד,,משיב הרוח,ותן תל ומטר,,,שויתי ה׳ לנגדי תמיד,,,פרשת בשלח,Beshalach,דף יומי: בבא קמא פו,,5:46 AM,6:19 AM,7:11 AM,8:58 AM,9:03 AM,9:39 AM,10:29 AM,12:09 PM,12:40 PM,3:04 PM,4:06 PM,,5:09 PM,5:53 PM,6:34 PM
Sun,1/28/24,י״ח שבט תשפ״ד,,משיב הרוח,ותן תל ומטר,,,שויתי ה׳ לנגדי תמיד,,,פרשת יתרו,,דף יומי: בבא קמא פז,,5:45 AM,6:18 AM,7:10 AM,8:57 AM,9:03 AM,9:39 AM,10:29 AM,12:09 PM,12:40 PM,3:05 PM,4:07 PM,,5:10 PM,5:54 PM,6:35 PM
Mon,1/29/24,י״ט שבט תשפ״ד,,משיב הרוח,ותן תל ומטר,,,שויתי ה׳ לנגדי תמיד,,,פרשת יתרו,,דף יומי: בבא קמא פח,,5:45 AM,6:17 AM,7:09 AM,8:57 AM,9:03 AM,9:39 AM,10:29 AM,12:10 PM,12:41 PM,3:06 PM,4:08 PM,,5:11 PM,5:55 PM,6:36 PM
Tue,1/30/24,כ׳ שבט תשפ״ד,,משיב הרוח,ותן תל ומטר,,,שויתי ה׳ לנגדי תמיד,,,פרשת יתרו,,דף יומי: בבא קמא פט,,5:44 AM,6:16 AM,7:08 AM,8:57 AM,9:02 AM,9:38 AM,10:29 AM,12:10 PM,12:41 PM,3:06 PM,4:09 PM,,5:12 PM,5:56 PM,6:37 PM
Wed,1/31/24,כ״א שבט תשפ״ד,,משיב הרוח,ותן תל ומטר,,,שויתי ה׳ לנגדי תמיד,,,פרשת יתרו,,דף יומי: בבא קמא צ,,5:43 AM,6:16 AM,7:07 AM,8:57 AM,9:02 AM,9:38 AM,10:29 AM,12:10 PM,12:41 PM,3:07 PM,4:10 PM,,5:14 PM,5:57 PM,6:38 PM
Thu,2/1/24,כ״ב שבט תשפ״ד,,משיב הרוח,ותן תל ומטר,,,שויתי ה׳ לנגדי תמיד,,,פרשת יתרו,,דף יומי: בבא קמא צא,,5:42 AM,6:15 AM,7:06 AM,8:56 AM,9:02 AM,9:38 AM,10:28 AM,12:10 PM,12:41 PM,3:08 PM,4:11 PM,,5:15 PM,5:58 PM,6:39 PM
Fri,2/2/24,כ״ג שבט תשפ״ד,,משיב הרוח,ותן תל ומטר,,הדל״נ 4:58 ,שויתי ה׳ לנגדי תמיד,,,פרשת יתרו,,דף יומי: בבא קמא צב,,5:42 AM,6:14 AM,7:05 AM,8:56 AM,9:01 AM,9:37 AM,10:28 AM,12:10 PM,12:41 PM,3:09 PM,4:12 PM,4:58 PM,5:16 PM,5:59 PM,6:40 PM
Sha,2/3/24,כ״ד שבט תשפ״ד,,משיב הרוח,ותן תל ומטר,,,שויתי ה׳ לנגדי תמיד,,,פרשת יתרו,Yisro,דף יומי: בבא קמא צג,,5:41 AM,6:13 AM,7:04 AM,8:56 AM,9:01 AM,9:37 AM,10:28 AM,12:10 PM,12:41 PM,3:09 PM,4:13 PM,,5:17 PM,6:00 PM,6:41 PM
Sun,2/4/24,כ״ה שבט תשפ״ד,,משיב הרוח,ותן תל ומטר,,,שויתי ה׳ לנגדי תמיד,,,פרשת משפטים,,דף יומי: בבא קמא צד,,5:40 AM,6:12 AM,7:03 AM,8:55 AM,9:00 AM,9:36 AM,10:28 AM,12:10 PM,12:41 PM,3:10 PM,4:14 PM,,5:18 PM,6:01 PM,6:42 PM
Mon,2/5/24,כ״ו שבט תשפ״ד,,משיב הרוח,ותן תל ומטר,,,שויתי ה׳ לנגדי תמיד,,,פרשת משפטים,,דף יומי: בבא קמא צה,,5:39 AM,6:11 AM,7:02 AM,8:55 AM,9:00 AM,9:36 AM,10:27 AM,12:11 PM,12:42 PM,3:11 PM,4:15 PM,,5:20 PM,6:03 PM,6:43 PM
Tue,2/6/24,כ״ז שבט תשפ״ד,,משיב הרוח,ותן תל ומטר,,,שויתי ה׳ לנגדי תמיד,,,פרשת משפטים,,דף יומי: בבא קמא צו,,5:38 AM,6:10 AM,7:01 AM,8:54 AM,8:59 AM,9:35 AM,10:27 AM,12:11 PM,12:42 PM,3:12 PM,4:16 PM,,5:21 PM,6:04 PM,6:44 PM
Wed,2/7/24,כ״ח שבט תשפ״ד,,משיב הרוח,ותן תל ומטר,,,שויתי ה׳ לנגדי תמיד,,,פרשת משפטים,,דף יומי: בבא קמא צז,,5:37 AM,6:09 AM,7:00 AM,8:54 AM,8:59 AM,9:35 AM,10:27 AM,12:11 PM,12:42 PM,3:12 PM,4:17 PM,,5:22 PM,6:05 PM,6:45 PM
Thu,2/8/24,כ״ט שבט תשפ״ד,,משיב הרוח,ותן תל ומטר,,,שויתי ה׳ לנגדי תמיד,,,פרשת משפטים,,דף יומי: בבא קמא צח,,5:36 AM,6:08 AM,6:59 AM,8:53 AM,8:58 AM,9:34 AM,10:27 AM,12:11 PM,12:42 PM,3:13 PM,4:18 PM,,5:23 PM,6:06 PM,6:46 PM
Fri,2/9/24,ל׳ שבט תשפ״ד,ראש חודש אדר-א,משיב הרוח,ותן תל ומטר,יעלה ויבא,הדל״נ 5:06 ,שויתי ה׳ לנגדי תמיד,,Rosh Chodesh,פרשת משפטים,,דף יומי: בבא קמא צט,,5:35 AM,6:07 AM,6:58 AM,8:53 AM,8:58 AM,9:34 AM,10:26 AM,12:11 PM,12:42 PM,3:14 PM,4:19 PM,5:06 PM,5:24 PM,6:07 PM,6:47 PM
Sha,2/10/24,א׳ אדר-א תשפ״ד,ראש חודש אדר-א,משיב הרוח,ותן תל ומטר,יעלה ויבא,,שויתי ה׳ לנגדי תמיד,,Rosh Chodesh,פרשת משפטים,Mishpatim,דף יומי: בבא קמא ק,,5:34 AM,6:06 AM,6:57 AM,8:53 AM,8:57 AM,9:33 AM,10:26 AM,12:11 PM,12:42 PM,3:14 PM,4:20 PM,,5:26 PM,6:08 PM,6:48 PM
Sun,2/11/24,ב׳ אדר-א תשפ״ד,,משיב הרוח,ותן תל ומטר,,,שויתי ה׳ לנגדי תמיד,,,פרשת תרומה,,דף יומי: בבא קמא קא,,5:33 AM,6:05 AM,6:56 AM,8:52 AM,8:57 AM,9:33 AM,10:25 AM,12:11 PM,12:42 PM,3:15 PM,4:21 PM,,5:27 PM,6:09 PM,6:49 PM
Mon,2/12/24,ג׳ אדר-א תשפ״ד,,משיב הרוח,ותן תל ומטר,,,שויתי ה׳ לנגדי תמיד,,,פרשת תרומה,,דף יומי: בבא קמא קב,,5:32 AM,6:04 AM,6:55 AM,8:51 AM,8:56 AM,9:32 AM,10:25 AM,12:11 PM,12:42 PM,3:16 PM,4:22 PM,,5:28 PM,6:10 PM,6:51 PM
Tue,2/13/24,ד׳ אדר-א תשפ״ד,,משיב הרוח,ותן תל ומטר,,,שויתי ה׳ לנגדי תמיד,,,פרשת תרומה,,דף יומי: בבא קמא קג,,5:31 AM,6:03 AM,6:53 AM,8:51 AM,8:56 AM,9:32 AM,10:25 AM,12:11 PM,12:42 PM,3:17 PM,4:23 PM,,5:29 PM,6:11 PM,6:52 PM
Wed,2/14/24,ה׳ אדר-א תשפ״ד,,משיב הרוח,ותן תל ומטר,,,שויתי ה׳ לנגדי תמיד,,,פרשת תרומה,,דף יומי: בבא קמא קד,,5:30 AM,6:02 AM,6:52 AM,8:50 AM,8:55 AM,9:31 AM,10:24 AM,12:11 PM,12:42 PM,3:17 PM,4:24 PM,,5:30 PM,6:13 PM,6:53 PM
Thu,2/15/24,ו׳ אדר-א תשפ״ד,,משיב הרוח,ותן תל ומטר,,,שויתי ה׳ לנגדי תמיד,,,פרשת תרומה,,דף יומי: בבא קמא קה,,5:29 AM,6:01 AM,6:51 AM,8:50 AM,8:54 AM,9:30 AM,10:24 AM,12:11 PM,12:42 PM,3:18 PM,4:25 PM,,5:32 PM,6:14 PM,6:54 PM
Fri,2/16/24,ז׳ אדר-א תשפ״ד,,משיב הרוח,ותן תל ומטר,,הדל״נ 5:15 ,שויתי ה׳ לנגדי תמיד,,,פרשת תרומה,,דף יומי: בבא קמא קו,,5:28 AM,6:00 AM,6:50 AM,8:49 AM,8:54 AM,9:30 AM,10:23 AM,12:11 PM,12:42 PM,3:19 PM,4:26 PM,5:15 PM,5:33 PM,6:15 PM,6:55 PM
Sha,2/17/24,ח׳ אדר-א תשפ״ד,,משיב הרוח,ותן תל ומטר,,,שויתי ה׳ לנגדי תמיד,,,פרשת תרומה,Terumah,דף יומי: בבא קמא קז,,5:26 AM,5:58 AM,6:48 AM,8:49 AM,8:53 AM,9:29 AM,10:23 AM,12:11 PM,12:42 PM,3:19 PM,4:27 PM,,5:34 PM,6:16 PM,6:56 PM
Sun,2/18/24,ט׳ אדר-א תשפ״ד,,משיב הרוח,ותן תל ומטר,,,שויתי ה׳ לנגדי תמיד,,,פרשת תצוה,,דף יומי: בבא קמא קח,,5:25 AM,5:57 AM,6:47 AM,8:48 AM,8:52 AM,9:28 AM,10:22 AM,12:10 PM,12:41 PM,3:20 PM,4:27 PM,,5:35 PM,6:17 PM,6:57 PM
Mon,2/19/24,י׳ אדר-א תשפ״ד,,משיב הרוח,ותן תל ומטר,,,שויתי ה׳ לנגדי תמיד,,,פרשת תצוה,,דף יומי: בבא קמא קט,,5:24 AM,5:56 AM,6:46 AM,8:47 AM,8:51 AM,9:27 AM,10:22 AM,12:10 PM,12:41 PM,3:20 PM,4:28 PM,,5:36 PM,6:18 PM,6:58 PM
Tue,2/20/24,י״א אדר-א תשפ״ד,,משיב הרוח,ותן תל ומטר,,,שויתי ה׳ לנגדי תמיד,,,פרשת תצוה,,דף יומי: בבא קמא קי,,5:23 AM,5:55 AM,6:44 AM,8:47 AM,8:51 AM,9:27 AM,10:21 AM,12:10 PM,12:41 PM,3:21 PM,4:29 PM,,5:37 PM,6:19 PM,6:59 PM
Wed,2/21/24,י״ב אדר-א תשפ״ד,,משיב הרוח,ותן תל ומטר,,,שויתי ה׳ לנגדי תמיד,,,פרשת תצוה,,דף יומי: בבא קמא קיא,,5:21 AM,5:53 AM,6:43 AM,8:46 AM,8:50 AM,9:26 AM,10:21 AM,12:10 PM,12:41 PM,3:22 PM,4:30 PM,,5:39 PM,6:20 PM,7:00 PM
Thu,2/22/24,י״ג אדר-א תשפ״ד,,משיב הרוח,ותן תל ומטר,,,שויתי ה׳ לנגדי תמיד,,,פרשת תצוה,,דף יומי: בבא קמא קיב,,5:20 AM,5:52 AM,6:41 AM,8:45 AM,8:49 AM,9:25 AM,10:20 AM,12:10 PM,12:41 PM,3:22 PM,4:31 PM,,5:40 PM,6:21 PM,7:01 PM
Fri,2/23/24,י״ד אדר-א תשפ״ד,,משיב הרוח,ותן תל ומטר,,הדל״נ 5:23 ,שויתי ה׳ לנגדי תמיד,,,פרשת תצוה,,דף יומי: בבא קמא קיג,,5:19 AM,5:51 AM,6:40 AM,8:44 AM,8:49 AM,9:25 AM,10:20 AM,12:10 PM,12:41 PM,3:23 PM,4:32 PM,5:23 PM,5:41 PM,6:22 PM,7:02 PM
Sha,2/24/24,ט״ו אדר-א תשפ״ד,,משיב הרוח,ותן תל ומטר,,,שויתי ה׳ לנגדי תמיד,,,פרשת תצוה,Tetzaveh,דף יומי: בבא קמא קיד,,5:17 AM,5:49 AM,6:39 AM,8:44 AM,8:48 AM,9:24 AM,10:19 AM,12:10 PM,12:41 PM,3:24 PM,4:33 PM,,5:42 PM,6:24 PM,7:03 PM
Sun,2/25/24,ט״ז אדר-א תשפ״ד,,משיב הרוח,ותן תל ומטר,,,שויתי ה׳ לנגדי תמיד,,,פרשת כי תשא,,דף יומי: בבא קמא קטו,,5:16 AM,5:48 AM,6:37 AM,8:43 AM,8:47 AM,9:23 AM,10:19 AM,12:10 PM,12:41 PM,3:24 PM,4:34 PM,,5:43 PM,6:25 PM,7:04 PM
Mon,2/26/24,י״ז אדר-א תשפ״ד,,משיב הרוח,ותן תל ומטר,,,שויתי ה׳ לנגדי תמיד,,,פרשת כי תשא,,דף יומי: בבא קמא קטז,,5:15 AM,5:46 AM,6:36 AM,8:42 AM,8:46 AM,9:22 AM,10:18 AM,12:10 PM,12:41 PM,3:25 PM,4:34 PM,,5:44 PM,6:26 PM,7:06 PM
Tue,2/27/24,י״ח אדר-א תשפ״ד,,משיב הרוח,ותן תל ומטר,,,שויתי ה׳ לנגדי תמיד,,,פרשת כי תשא,,דף יומי: בבא קמא קיז,,5:13 AM,5:45 AM,6:34 AM,8:41 AM,8:45 AM,9:21 AM,10:17 AM,12:09 PM,12:40 PM,3:25 PM,4:35 PM,,5:45 PM,6:27 PM,7:07 PM
Wed,2/28/24,י״ט אדר-א תשפ״ד,,משיב הרוח,ותן תל ומטר,,,שויתי ה׳ לנגדי תמיד,,,פרשת כי תשא,,דף יומי: בבא קמא קיח,,5:12 AM,5:44 AM,6:33 AM,8:41 AM,8:45 AM,9:21 AM,10:17 AM,12:09 PM,12:40 PM,3:26 PM,4:36 PM,,5:46 PM,6:28 PM,7:08 PM
Thu,2/29/24,כ׳ אדר-א תשפ״ד,,משיב הרוח,ותן תל ומטר,,,שויתי ה׳ לנגדי תמיד,,,פרשת כי תשא,,דף יומי: בבא קמא קיט,,5:10 AM,5:42 AM,6:31 AM,8:40 AM,8:44 AM,9:20 AM,10:16 AM,12:09 PM,12:40 PM,3:27 PM,4:37 PM,,5:48 PM,6:29 PM,7:09 PM
Fri,3/1/24,כ״א אדר-א תשפ״ד,,משיב הרוח,ותן תל ומטר,,הדל״נ 5:31 ,שויתי ה׳ לנגדי תמיד,,,פרשת כי תשא,,דף יומי: בבא מציעא ב,,5:09 AM,5:41 AM,6:30 AM,8:39 AM,8:43 AM,9:19 AM,10:15 AM,12:09 PM,12:40 PM,3:27 PM,4:38 PM,5:31 PM,5:49 PM,6:30 PM,7:10 PM
Sha,3/2/24,כ״ב אדר-א תשפ״ד,,משיב הרוח,ותן תל ומטר,,,שויתי ה׳ לנגדי תמיד,,,פרשת כי תשא,Ki Sisa,דף יומי: בבא מציעא ג,,5:07 AM,5:39 AM,6:28 AM,8:38 AM,8:42 AM,9:18 AM,10:15 AM,12:09 PM,12:40 PM,3:28 PM,4:39 PM,,5:50 PM,6:31 PM,7:11 PM
Sun,3/3/24,כ״ג אדר-א תשפ״ד,,משיב הרוח,ותן תל ומטר,,,שויתי ה׳ לנגדי תמיד,,,פרשת ויקהל,,דף יומי: בבא מציעא ד,,5:06 AM,5:38 AM,6:27 AM,8:37 AM,8:41 AM,9:17 AM,10:14 AM,12:08 PM,12:39 PM,3:28 PM,4:40 PM,,5:51 PM,6:32 PM,7:12 PM
Mon,3/4/24,כ״ד אדר-א תשפ״ד,,משיב הרוח,ותן תל ומטר,,,שויתי ה׳ לנגדי תמיד,,,פרשת ויקהל,,דף יומי: בבא מציעא ה,,5:04 AM,5:36 AM,6:25 AM,8:36 AM,8:40 AM,9:16 AM,10:14 AM,12:08 PM,12:39 PM,3:29 PM,4:40 PM,,5:52 PM,6:33 PM,7:13 PM
Tue,3/5/24,כ״ה אדר-א תשפ״ד,,משיב הרוח,ותן תל ומטר,,,שויתי ה׳ לנגדי תמיד,,,פרשת ויקהל,,דף יומי: בבא מציעא ו,,5:03 AM,5:35 AM,6:24 AM,8:35 AM,8:39 AM,9:15 AM,10:13 AM,12:08 PM,12:39 PM,3:29 PM,4:41 PM,,5:53 PM,6:34 PM,7:14 PM
Wed,3/6/24,כ״ו אדר-א תשפ״ד,,משיב הרוח,ותן תל ומטר,,,שויתי ה׳ לנגדי תמיד,,,פרשת ויקהל,,דף יומי: בבא מציעא ז,,5:01 AM,5:33 AM,6:22 AM,8:35 AM,8:38 AM,9:14 AM,10:12 AM,12:08 PM,12:39 PM,3:30 PM,4:42 PM,,5:54 PM,6:35 PM,7:15 PM
Thu,3/7/24,כ״ז אדר-א תשפ״ד,,משיב הרוח,ותן תל ומטר,,,שויתי ה׳ לנגדי תמיד,,,פרשת ויקהל,,דף יומי: בבא מציעא ח,,5:00 AM,5:32 AM,6:21 AM,8:34 AM,8:38 AM,9:14 AM,10:12 AM,12:07 PM,12:38 PM,3:30 PM,4:43 PM,,5:55 PM,6:36 PM,7:16 PM
Fri,3/8/24,כ״ח אדר-א תשפ״ד,,משיב הרוח,ותן תל ומטר,,הדל״נ 5:38 ,שויתי ה׳ לנגדי תמיד,,,פרשת ויקהל,,דף יומי: בבא מציעא ט,,4:58 AM,5:30 AM,6:19 AM,8:33 AM,8:37 AM,9:13 AM,10:11 AM,12:07 PM,12:38 PM,3:31 PM,4:44 PM,5:38 PM,5:56 PM,6:37 PM,7:17 PM
Sha,3/9/24,כ״ט אדר-א תשפ״ד,,משיב הרוח,ותן תל ומטר,,,שויתי ה׳ לנגדי תמיד,,,פרשת ויקהל,Vayakhel,דף יומי: בבא מציעא י,,4:57 AM,5:29 AM,6:18 AM,8:32 AM,8:36 AM,9:12 AM,10:10 AM,12:07 PM,12:38 PM,3:31 PM,4:44 PM,,5:57 PM,6:39 PM,7:18 PM
Sun,3/10/24,ל׳ אדר-א תשפ״ד,ראש חודש אדר-ב,משיב הרוח,ותן תל ומטר,יעלה ויבא,,שויתי ה׳ לנגדי תמיד,,Rosh Chodesh,פרשת פקודי,,דף יומי: בבא מציעא יא,,5:55 AM,6:27 AM,7:16 AM,9:31 AM,9:35 AM,10:11 AM,11:09 AM,1:07 PM,1:38 PM,4:32 PM,5:45 PM,,6:58 PM,7:40 PM,8:20 PM
Mon,3/11/24,א׳ אדר-ב תשפ״ד,ראש חודש אדר-ב,משיב הרוח,ותן תל ומטר,יעלה ויבא,,שויתי ה׳ לנגדי תמיד,,Rosh Chodesh,פרשת פקודי,,דף יומי: בבא מציעא יב,,5:53 AM,6:25 AM,7:14 AM,9:30 AM,9:34 AM,10:10 AM,11:09 AM,1:06 PM,1:37 PM,4:32 PM,5:46 PM,,7:00 PM,7:41 PM,8:21 PM
Tue,3/12/24,ב׳ אדר-ב תשפ״ד,,משיב הרוח,ותן תל ומטר,,,שויתי ה׳ לנגדי תמיד,,,פרשת פקודי,,דף יומי: בבא מציעא יג,,5:52 AM,6:24 AM,7:13 AM,9:29 AM,9:33 AM,10:09 AM,11:08 AM,1:06 PM,1:37 PM,4:33 PM,5:47 PM,,7:01 PM,7:42 PM,8:22 PM
Wed,3/13/24,ג׳ אדר-ב תשפ״ד,,משיב הרוח,ותן תל ומטר,,,שויתי ה׳ לנגדי תמיד,,,פרשת פקודי,,דף יומי: בבא מציעא יד,,5:50 AM,6:22 AM,7:11 AM,9:28 AM,9:32 AM,10:08 AM,11:07 AM,1:06 PM,1:37 PM,4:33 PM,5:48 PM,,7:02 PM,7:43 PM,8:23 PM
Thu,3/14/24,ד׳ אדר-ב תשפ״ד,,משיב הרוח,ותן תל ומטר,,,שויתי ה׳ לנגדי תמיד,,,פרשת פקודי,,דף יומי: בבא מציעא טו,,5:48 AM,6:21 AM,7:10 AM,9:27 AM,9:31 AM,10:07 AM,11:07 AM,1:06 PM,1:37 PM,4:34 PM,5:48 PM,,7:03 PM,7:44 PM,8:24 PM
Fri,3/15/24,ה׳ אדר-ב תשפ״ד,,משיב הרוח,ותן תל ומטר,,הדל״נ 6:46 ,שויתי ה׳ לנגדי תמיד,,,פרשת פקודי,,דף יומי: בבא מציעא טז,,5:47 AM,6:19 AM,7:08 AM,9:26 AM,9:30 AM,10:06 AM,11:06 AM,1:05 PM,1:36 PM,4:34 PM,5:49 PM,6:46 PM,7:04 PM,7:45 PM,8:25 PM
Sha,3/16/24,ו׳ אדר-ב תשפ״ד,,משיב הרוח,ותן תל ומטר,,,שויתי ה׳ לנגדי תמיד,,,פרשת פקודי,Pekudei,דף יומי: בבא מציעא יז,,5:45 AM,6:17 AM,7:06 AM,9:25 AM,9:29 AM,10:05 AM,11:05 AM,1:05 PM,1:36 PM,4:35 PM,5:50 PM,,7:05 PM,7:46 PM,8:26 PM
Sun,3/17/24,ז׳ אדר-ב תשפ״ד,,משיב הרוח,ותן תל ומטר,,,שויתי ה׳ לנגדי תמיד,,,פרשת ויקרא,,דף יומי: בבא מציעא יח,,5:43 AM,6:16 AM,7:05 AM,9:24 AM,9:28 AM,10:04 AM,11:04 AM,1:05 PM,1:36 PM,4:35 PM,5:51 PM,,7:06 PM,7:47 PM,8:27 PM
Mon,3/18/24,ח׳ אדר-ב תשפ״ד,,משיב הרוח,ותן תל ומטר,,,שויתי ה׳ לנגדי תמיד,,,פרשת ויקרא,,דף יומי: בבא מציעא יט,,5:42 AM,6:14 AM,7:03 AM,9:23 AM,9:27 AM,10:03 AM,11:04 AM,1:04 PM,1:36 PM,4:36 PM,5:51 PM,,7:07 PM,7:48 PM,8:28 PM
Tue,3/19/24,ט׳ אדר-ב תשפ״ד,,משיב הרוח,ותן תל ומטר,,,שויתי ה׳ לנגדי תמיד,,,פרשת ויקרא,,דף יומי: בבא מציעא כ,,5:40 AM,6:12 AM,7:01 AM,9:22 AM,9:26 AM,10:02 AM,11:03 AM,1:04 PM,1:36 PM,4:36 PM,5:52 PM,,7:08 PM,7:49 PM,8:30 PM
Wed,3/20/24,י׳ אדר-ב תשפ״ד,,משיב הרוח,ותן תל ומטר,,,שויתי ה׳ לנגדי תמיד,,,פרשת ויקרא,,דף יומי: בבא מציעא כא,,5:38 AM,6:11 AM,7:00 AM,9:21 AM,9:25 AM,10:01 AM,11:02 AM,1:04 PM,1:35 PM,4:37 PM,5:53 PM,,7:09 PM,7:50 PM,8:31 PM
Thu,3/21/24,י״א אדר-ב תשפ״ד,תענית אסתר,משיב הרוח,ותן תל ומטר,,,שויתי ה׳ לנגדי תמיד,,Taanis Esther,פרשת ויקרא,,דף יומי: בבא מציעא כב,,5:37 AM,6:09 AM,6:58 AM,9:20 AM,9:24 AM,10:00 AM,11:01 AM,1:04 PM,1:35 PM,4:37 PM,5:54 PM,,7:10 PM,7:51 PM,8:32 PM
Fri,3/22/24,י״ב אדר-ב תשפ״ד,,משיב הרוח,ותן תל ומטר,,הדל״נ 6:53 ,שויתי ה׳ לנגדי תמיד,,,פרשת ויקרא,,דף יומי: בבא מציעא כג,,5:35 AM,6:07 AM,6:57 AM,9:19 AM,9:23 AM,9:59 AM,11:01 AM,1:03 PM,1:35 PM,4:38 PM,5:54 PM,6:53 PM,7:11 PM,7:52 PM,8:33 PM
Sha,3/23/24,י״ג אדר-ב תשפ״ד,,משיב הרוח,ותן תל ומטר,,,שויתי ה׳ לנגדי תמיד,,,פרשת ויקרא,Vayikra,דף יומי: בבא מציעא כד,,5:33 AM,6:06 AM,6:55 AM,9:18 AM,9:22 AM,9:58 AM,11:00 AM,1:03 PM,1:35 PM,4:38 PM,5:55 PM,,7:12 PM,7:53 PM,8:34 PM
Sun,3/24/24,י״ד אדר-ב תשפ״ד,פורים,משיב הרוח,ותן תל ומטר,על הנסים,,שויתי ה׳ לנגדי תמיד,,Purim,פרשת צו,,דף יומי: בבא מציעא כה,,5:31 AM,6:04 AM,6:53 AM,9:17 AM,9:22 AM,9:58 AM,10:59 AM,1:03 PM,1:35 PM,4:39 PM,5:56 PM,,7:13 PM,7:54 PM,8:35 PM
Mon,3/25/24,ט״ו אדר-ב תשפ״ד,שושן פורים,משיב הרוח,ותן תל ומטר,א״א תחנון,,שויתי ה׳ לנגדי תמיד,,Shushan Purim,פרשת צו,,דף יומי: בבא מציעא כו,,5:30 AM,6:02 AM,6:52 AM,9:16 AM,9:21 AM,9:57 AM,10:59 AM,1:02 PM,1:34 PM,4:39 PM,5:57 PM,,7:14 PM,7:56 PM,8:37 PM
Tue,3/26/24,ט״ז אדר-ב תשפ״ד,,משיב הרוח,ותן תל ומטר,,,שויתי ה׳ לנגדי תמיד,,,פרשת צו,,דף יומי: בבא מציעא כז,,5:28 AM,6:01 AM,6:50 AM,9:15 AM,9:20 AM,9:56 AM,10:58 AM,1:02 PM,1:34 PM,4:40 PM,5:57 PM,,7:15 PM,7:57 PM,8:38 PM
Wed,3/27/24,י״ז אדר-ב תשפ״ד,,משיב הרוח,ותן תל ומטר,,,שויתי ה׳ לנגדי תמיד,,,פרשת צו,,דף יומי: בבא מציעא כח,,5:26 AM,5:59 AM,6:48 AM,9:14 AM,9:19 AM,9:55 AM,10:57 AM,1:02 PM,1:34 PM,4:40 PM,5:58 PM,,7:16 PM,7:58 PM,8:39 PM
Thu,3/28/24,י״ח אדר-ב תשפ״ד,,משיב הרוח,ותן תל ומטר,,,שויתי ה׳ לנגדי תמיד,,,פרשת צו,,דף יומי: בבא מציעא כט,,5:24 AM,5:57 AM,6:47 AM,9:13 AM,9:18 AM,9:54 AM,10:56 AM,1:02 PM,1:34 PM,4:41 PM,5:59 PM,,7:17 PM,7:59 PM,8:40 PM
Fri,3/29/24,י״ט אדר-ב תשפ״ד,,משיב הרוח,ותן תל ומטר,,הדל״נ 7:00 ,שויתי ה׳ לנגדי תמיד,,,פרשת צו,,דף יומי: בבא מציעא ל,,5:22 AM,5:56 AM,6:45 AM,9:12 AM,9:17 AM,9:53 AM,10:56 AM,1:01 PM,1:34 PM,4:41 PM,6:00 PM,7:00 PM,7:18 PM,8:00 PM,8:41 PM
Sha,3/30/24,כ׳ אדר-ב תשפ״ד,,משיב הרוח,ותן תל ומטר,,,שויתי ה׳ לנגדי תמיד,,,פרשת צו,Tzav,דף יומי: בבא מציעא לא,,5:21 AM,5:54 AM,6:44 AM,9:11 AM,9:16 AM,9:52 AM,10:55 AM,1:01 PM,1:33 PM,4:42 PM,6:00 PM,,7:19 PM,8:01 PM,8:42 PM
Sun,3/31/24,כ״א אדר-ב תשפ״ד,,משיב הרוח,ותן תל ומטר,,,שויתי ה׳ לנגדי תמיד,,,פרשת שמיני,,דף יומי: בבא מציעא לב,,5:19 AM,5:52 AM,6:42 AM,9:10 AM,9:15 AM,9:51 AM,10:54 AM,1:01 PM,1:33 PM,4:42 PM,6:01 PM,,7:20 PM,8:02 PM,8:44 PM
Mon,4/1/24,כ״ב אדר-ב תשפ״ד,,משיב הרוח,ותן תל ומטר,,,שויתי ה׳ לנגדי תמיד,,,פרשת שמיני,,דף יומי: בבא מציעא לג,,5:17 AM,5:51 AM,6:40 AM,9:09 AM,9:14 AM,9:50 AM,10:53 AM,1:00 PM,1:33 PM,4:43 PM,6:02 PM,,7:21 PM,8:03 PM,8:45 PM
Tue,4/2/24,כ״ג אדר-ב תשפ״ד,,משיב הרוח,ותן תל ומטר,,,שויתי ה׳ לנגדי תמיד,,,פרשת שמיני,,דף יומי: בבא מציעא לד,,5:15 AM,5:49 AM,6:39 AM,9:08 AM,9:13 AM,9:49 AM,10:53 AM,1:00 PM,1:33 PM,4:43 PM,6:03 PM,,7:22 PM,8:04 PM,8:46 PM
Wed,4/3/24,כ״ד אדר-ב תשפ״ד,,משיב הרוח,ותן תל ומטר,,,שויתי ה׳ לנגדי תמיד,,,פרשת שמיני,,דף יומי: בבא מציעא לה,,5:14 AM,5:47 AM,6:37 AM,9:07 AM,9:12 AM,9:48 AM,10:52 AM,1:00 PM,1:33 PM,4:43 PM,6:03 PM,,7:23 PM,8:05 PM,8:47 PM
Thu,4/4/24,כ״ה אדר-ב תשפ״ד,,משיב הרוח,ותן תל ומטר,,,שויתי ה׳ לנגדי תמיד,,,פרשת שמיני,,דף יומי: בבא מציעא לו,,5:12 AM,5:45 AM,6:36 AM,9:06 AM,9:11 AM,9:47 AM,10:51 AM,12:59 PM,1:33 PM,4:44 PM,6:04 PM,,7:24 PM,8:06 PM,8:48 PM
Fri,4/5/24,כ״ו אדר-ב תשפ״ד,,משיב הרוח,ותן תל ומטר,,הדל״נ 7:07 ,שויתי ה׳ לנגדי תמיד,,,פרשת שמיני,,דף יומי: בבא מציעא לז,,5:10 AM,5:44 AM,6:34 AM,9:05 AM,9:10 AM,9:46 AM,10:50 AM,12:59 PM,1:32 PM,4:44 PM,6:05 PM,7:07 PM,7:25 PM,8:07 PM,8:50 PM
Sha,4/6/24,כ״ז אדר-ב תשפ״ד,,משיב הרוח,ותן תל ומטר,,,שויתי ה׳ לנגדי תמיד,,,פרשת שמיני,Shemini,דף יומי: בבא מציעא לח,,5:08 AM,5:42 AM,6:32 AM,9:04 AM,9:09 AM,9:45 AM,10:50 AM,12:59 PM,1:32 PM,4:45 PM,6:06 PM,,7:26 PM,8:09 PM,8:51 PM
Sun,4/7/24,כ״ח אדר-ב תשפ״ד,,משיב הרוח,ותן תל ומטר,,,שויתי ה׳ לנגדי תמיד,,,פרשת תזריע,,דף יומי: בבא מציעא לט,,5:06 AM,5:40 AM,6:31 AM,9:03 AM,9:08 AM,9:44 AM,10:49 AM,12:59 PM,1:32 PM,4:45 PM,6:06 PM,,7:27 PM,8:10 PM,8:52 PM
Mon,4/8/24,כ״ט אדר-ב תשפ״ד,,משיב הרוח,ותן תל ומטר,,,שויתי ה׳ לנגדי תמיד,,,פרשת תזריע,,דף יומי: בבא מציעא מ,,5:04 AM,5:39 AM,6:29 AM,9:01 AM,9:07 AM,9:43 AM,10:48 AM,12:58 PM,1:32 PM,4:46 PM,6:07 PM,,7:28 PM,8:11 PM,8:53 PM
Tue,4/9/24,א׳ ניסן תשפ״ד,ראש חודש ניסן,משיב הרוח,ותן תל ומטר,יעלה ויבא,,שויתי ה׳ לנגדי תמיד,,Rosh Chodesh,פרשת תזריע,,דף יומי: בבא מציעא מא,,5:03 AM,5:37 AM,6:28 AM,9:00 AM,9:06 AM,9:42 AM,10:48 AM,12:58 PM,1:32 PM,4:46 PM,6:08 PM,,7:29 PM,8:12 PM,8:55 PM
Wed,4/10/24,ב׳ ניסן תשפ״ד,,משיב הרוח,ותן תל ומטר,,,שויתי ה׳ לנגדי תמיד,,,פרשת תזריע,,דף יומי: בבא מציעא מב,,5:01 AM,5:35 AM,6:26 AM,8:59 AM,9:05 AM,9:41 AM,10:47 AM,12:58 PM,1:31 PM,4:47 PM,6:09 PM,,7:30 PM,8:13 PM,8:56 PM
Thu,4/11/24,ג׳ ניסן תשפ״ד,,משיב הרוח,ותן תל ומטר,,,שויתי ה׳ לנגדי תמיד,,,פרשת תזריע,,דף יומי: בבא מציעא מג,,4:59 AM,5:34 AM,6:25 AM,8:58 AM,9:05 AM,9:41 AM,10:46 AM,12:58 PM,1:31 PM,4:47 PM,6:09 PM,,7:31 PM,8:14 PM,8:57 PM
Fri,4/12/24,ד׳ ניסן תשפ״ד,,משיב הרוח,ותן תל ומטר,,הדל״נ 7:14 ,שויתי ה׳ לנגדי תמיד,,,פרשת תזריע,,דף יומי: בבא מציעא מד,,4:57 AM,5:32 AM,6:23 AM,8:57 AM,9:04 AM,9:40 AM,10:46 AM,12:57 PM,1:31 PM,4:48 PM,6:10 PM,7:14 PM,7:32 PM,8:15 PM,8:59 PM
Sha,4/13/24,ה׳ ניסן תשפ״ד,,משיב הרוח,ותן תל ומטר,,,שויתי ה׳ לנגדי תמיד,,,פרשת תזריע,Tazria,דף יומי: בבא מציעא מה,,4:55 AM,5:30 AM,6:22 AM,8:56 AM,9:03 AM,9:39 AM,10:45 AM,12:57 PM,1:31 PM,4:48 PM,6:11 PM,,7:33 PM,8:16 PM,9:00 PM
Sun,4/14/24,ו׳ ניסן תשפ״ד,,משיב הרוח,ותן תל ומטר,,,שויתי ה׳ לנגדי תמיד,,,פרשת מצורע,,דף יומי: בבא מציעא מו,,4:54 AM,5:29 AM,6:20 AM,8:55 AM,9:02 AM,9:38 AM,10:44 AM,12:57 PM,1:31 PM,4:49 PM,6:12 PM,,7:34 PM,8:17 PM,9:01 PM
Mon,4/15/24,ז׳ ניסן תשפ״ד,,משיב הרוח,ותן תל ומטר,,,שויתי ה׳ לנגדי תמיד,,,פרשת מצורע,,דף יומי: בבא מציעא מז,,4:52 AM,5:27 AM,6:19 AM,8:54 AM,9:01 AM,9:37 AM,10:44 AM,12:57 PM,1:31 PM,4:49 PM,6:12 PM,,7:35 PM,8:19 PM,9:02 PM
Tue,4/16/24,ח׳ ניסן תשפ״ד,,משיב הרוח,ותן תל ומטר,,,שויתי ה׳ לנגדי תמיד,,,פרשת מצורע,,דף יומי: בבא מציעא מח,,4:50 AM,5:25 AM,6:17 AM,8:53 AM,9:00 AM,9:36 AM,10:43 AM,12:56 PM,1:31 PM,4:50 PM,6:13 PM,,7:36 PM,8:20 PM,9:04 PM
Wed,4/17/24,ט׳ ניסן תשפ״ד,,משיב הרוח,ותן תל ומטר,,,שויתי ה׳ לנגדי תמיד,,,פרשת מצורע,,דף יומי: בבא מציעא מט,,4:48 AM,5:24 AM,6:16 AM,8:52 AM,8:59 AM,9:35 AM,10:42 AM,12:56 PM,1:31 PM,4:50 PM,6:14 PM,,7:37 PM,8:21 PM,9:05 PM
Thu,4/18/24,י׳ ניסן תשפ״ד,,משיב הרוח,ותן תל ומטר,,,שויתי ה׳ לנגדי תמיד,,,פרשת מצורע,,דף יומי: בבא מציעא נ,,4:47 AM,5:22 AM,6:14 AM,8:51 AM,8:59 AM,9:35 AM,10:42 AM,12:56 PM,1:30 PM,4:51 PM,6:15 PM,,7:39 PM,8:22 PM,9:06 PM
Fri,4/19/24,י״א ניסן תשפ״ד,,משיב הרוח,ותן תל ומטר,,הדל״נ 7:22 ,שויתי ה׳ לנגדי תמיד,,,פרשת מצורע,,דף יומי: בבא מציעא נא,,4:45 AM,5:21 AM,6:13 AM,8:50 AM,8:58 AM,9:34 AM,10:41 AM,12:56 PM,1:30 PM,4:51 PM,6:15 PM,7:22 PM,7:40 PM,8:23 PM,9:08 PM
Sha,4/20/24,י״ב ניסן תשפ״ד,,משיב הרוח,ותן תל ומטר,,,שויתי ה׳ לנגדי תמיד,,,פרשת מצורע,Metzora,דף יומי: בבא מציעא נב,,4:43 AM,5:19 AM,6:11 AM,8:49 AM,8:57 AM,9:33 AM,10:40 AM,12:55 PM,1:30 PM,4:52 PM,6:16 PM,,7:41 PM,8:24 PM,9:09 PM
Sun,4/21/24,י״ג ניסן תשפ״ד,,משיב הרוח,ותן תל ומטר,,,שויתי ה׳ לנגדי תמיד,,,פרשת אחרי מות,,דף יומי: בבא מציעא נג,,4:41 AM,5:17 AM,6:10 AM,8:48 AM,8:56 AM,9:32 AM,10:40 AM,12:55 PM,1:30 PM,4:52 PM,6:17 PM,,7:42 PM,8:25 PM,9:11 PM
Mon,4/22/24,י״ד ניסן תשפ״ד,ערב פסח,משיב הרוח,ותן תל ומטר,,הדל״נ 7:25 ,שויתי ה׳ לנגדי תמיד,,Erev Pesach,פרשת אחרי מות,,דף יומי: בבא מציעא נד,,4:40 AM,5:16 AM,6:08 AM,8:47 AM,8:55 AM,9:31 AM,10:39 AM,12:55 PM,1:30 PM,4:53 PM,6:18 PM,7:25 PM,7:43 PM,8:27 PM,9:12 PM
Tue,4/23/24,ט״ו ניסן תשפ״ד,פסח,ותן ברכה,יעלה ויבא,,,שויתי ה׳ לנגדי תמיד,,Pesach,פרשת אחרי מות,,דף יומי: בבא מציעא נה,,4:38 AM,5:14 AM,6:07 AM,8:46 AM,8:54 AM,9:30 AM,10:39 AM,12:55 PM,1:30 PM,4:53 PM,6:18 PM,,7:44 PM,8:28 PM,9:13 PM
Wed,4/24/24,ט״ז ניסן תשפ״ד,פסח,ותן ברכה,יעלה ויבא,,,הַיּוֹם יוֹם אֶחָד לָעֹמֶר׃,,Pesach,פרשת אחרי מות,,דף יומי: בבא מציעא נו,1.0,4:36 AM,5:13 AM,6:06 AM,8:45 AM,8:54 AM,9:30 AM,10:38 AM,12:55 PM,1:30 PM,4:54 PM,6:19 PM,,7:45 PM,8:29 PM,9:15 PM
Thu,4/25/24,י״ז ניסן תשפ״ד,חול המועד,ותן ברכה,יעלה ויבא,,,הַיּוֹם שְׁנֵי יָמִים לָעֹמֶר׃,,Chol HaMoed,פרשת אחרי מות,,דף יומי: בבא מציעא נז,2.0,4:34 AM,5:11 AM,6:04 AM,8:45 AM,8:53 AM,9:29 AM,10:37 AM,12:54 PM,1:30 PM,4:54 PM,6:20 PM,,7:46 PM,8:30 PM,9:16 PM
Fri,4/26/24,י״ח ניסן תשפ״ד,חול המועד,ותן ברכה,יעלה ויבא,,הדל״נ 7:29 ,הַיּוֹם שְׁלֹשָׁה יָמִים לָעֹמֶר׃,,Chol HaMoed,פרשת אחרי מות,,דף יומי: בבא מציעא נח,3.0,4:33 AM,5:10 AM,6:03 AM,8:44 AM,8:52 AM,9:28 AM,10:37 AM,12:54 PM,1:30 PM,4:55 PM,6:21 PM,7:29 PM,7:47 PM,8:31 PM,9:17 PM
Sha,4/27/24,י״ט ניסן תשפ״ד,חול המועד,ותן ברכה,יעלה ויבא,,,הַיּוֹם אַרְבָּעָה יָמִים לָעֹמֶר׃,,Chol HaMoed,פרשת אחרי מות,,דף יומי: בבא מציעא נט,4.0,4:31 AM,5:08 AM,6:02 AM,8:43 AM,8:51 AM,9:27 AM,10:36 AM,12:54 PM,1:30 PM,4:55 PM,6:22 PM,,7:48 PM,8:32 PM,9:19 PM
Sun,4/28/24,כ׳ ניסן תשפ״ד,ערב שביעי של פסח,ותן ברכה,יעלה ויבא,,הדל״נ 7:31 ,הַיּוֹם חֲמִשָּׁה יָמִים לָעֹמֶר׃,,Erev Shvii shel Pesach,פרשת אחרי מות,,דף יומי: בבא מציעא ס,5.0,4:29 AM,5:07 AM,6:00 AM,8:42 AM,8:51 AM,9:27 AM,10:36 AM,12:54 PM,1:30 PM,4:56 PM,6:22 PM,7:31 PM,7:49 PM,8:34 PM,9:20 PM
Mon,4/29/24,כ״א ניסן תשפ״ד,שביעי של פסח,ותן ברכה,יעלה ויבא,,,הַיּוֹם שִׁשָּׁה יָמִים לָעֹמֶר׃,,Shvii shel Pesach,פרשת אחרי מות,,דף יומי: בבא מציעא סא,6.0,4:28 AM,5:05 AM,5:59 AM,8:41 AM,8:50 AM,9:26 AM,10:35 AM,12:54 PM,1:30 PM,4:56 PM,6:23 PM,,7:50 PM,8:35 PM,9:22 PM
Tue,4/30/24,כ״ב ניסן תשפ״ד,אחרון של פסח,ותן ברכה,יעלה ויבא,,,הַיּוֹם שִׁבְעָה יָמִים שֶׁהֵם שָׁבוּעַ אֶחָד לָעֹמֶר׃,,Acharon shel Pesach,פרשת אחרי מות,,דף יומי: בבא מציעא סב,7.0,4:26 AM,5:04 AM,5:58 AM,8:40 AM,8:49 AM,9:25 AM,10:35 AM,12:54 PM,1:30 PM,4:57 PM,6:24 PM,,7:51 PM,8:36 PM,9:23 PM
Wed,5/1/24,כ״ג ניסן תשפ״ד,אסרו חג,ותן ברכה,א״א תחנון,פרק א׳,,הַיּוֹם שְׁמוֹנָה יָמִים שֶׁהֵם שָׁבוּעַ אֶחָד וְיוֹם אֶחָד לָעֹמֶר׃,,Isru Chag,פרשת אחרי מות,,דף יומי: בבא מציעא סג,8.0,4:24 AM,5:02 AM,5:57 AM,8:39 AM,8:49 AM,9:25 AM,10:34 AM,12:54 PM,1:29 PM,4:58 PM,6:25 PM,,7:52 PM,8:37 PM,9:24 PM
Thu,5/2/24,כ״ד ניסן תשפ״ד,,ותן ברכה,א״א תחנון,פרק א׳,,הַיּוֹם תִּשְׁעָה יָמִים שֶׁהֵם שָׁבוּעַ אֶחָד וּשְׁנֵי יָמִים לָעֹמֶר׃,,,פרשת אחרי מות,,דף יומי: בבא מציעא סד,9.0,4:23 AM,5:01 AM,5:55 AM,8:38 AM,8:48 AM,9:24 AM,10:34 AM,12:54 PM,1:29 PM,4:58 PM,6:25 PM,,7:53 PM,8:38 PM,9:26 PM
Fri,5/3/24,כ״ה ניסן תשפ״ד,,ותן ברכה,א״א תחנון,פרק א׳,הדל״נ 7:36 ,הַיּוֹם עֲשָׂרָה יָמִים שֶׁהֵם שָׁבוּעַ אֶחָד וּשְׁלֹשָׁה יָמִים לָעֹמֶר׃,,,פרשת אחרי מות,,דף יומי: בבא מציעא סה,10.0,4:21 AM,4:59 AM,5:54 AM,8:37 AM,8:47 AM,9:23 AM,10:33 AM,12:53 PM,1:29 PM,4:59 PM,6:26 PM,7:36 PM,7:54 PM,8:39 PM,9:27 PM
Sha,5/4/24,כ״ו ניסן תשפ״ד,,ותן ברכה,א״א תחנון,פרק א׳,,הַיּוֹם אַחַד עָשָׂר יוֹם שֶׁהֵם שָׁבוּעַ אֶחָד וְאַרְבָּעָה יָמִים לָעֹמֶר׃,,,פרשת אחרי מות,Acharei Mos,דף יומי: בבא מציעא סו,11.0,4:20 AM,4:58 AM,5:53 AM,8:37 AM,8:47 AM,9:23 AM,10:33 AM,12:53 PM,1:29 PM,4:59 PM,6:27 PM,,7:55 PM,8:40 PM,9:29 PM
Sun,5/5/24,כ״ז ניסן תשפ״ד,,ותן ברכה,א״א תחנון,פרק ב׳,,הַיּוֹם שְׁנֵים עָשָׂר יוֹם שֶׁהֵם שָׁבוּעַ אֶחָד וַחֲמִשָּׁה יָמִים לָעֹמֶר׃,,,פרשת קדושים,,דף יומי: בבא מציעא סז,12.0,4:18 AM,4:57 AM,5:52 AM,8:36 AM,8:46 AM,9:22 AM,10:32 AM,12:53 PM,1:29 PM,5:00 PM,6:28 PM,,7:56 PM,8:42 PM,9:30 PM
Mon,5/6/24,כ״ח ניסן תשפ״ד,,ותן ברכה,א״א תחנון,פרק ב׳,,הַיּוֹם שְׁלֹשָׁה עָשָׂר יוֹם שֶׁהֵם שָׁבוּעַ אֶחָד וְשִׁשָּׁה יָמִים לָעֹמֶר׃,,,פרשת קדושים,,דף יומי: בבא מציעא סח,13.0,4:16 AM,4:55 AM,5:51 AM,8:35 AM,8:45 AM,9:21 AM,10:32 AM,12:53 PM,1:29 PM,5:00 PM,6:29 PM,,7:57 PM,8:43 PM,9:31 PM
Tue,5/7/24,כ״ט ניסן תשפ״ד,,ותן ברכה,א״א תחנון,פרק ב׳,,הַיּוֹם אַרְבָּעָה עָשָׂר יוֹם שֶׁהֵם שְׁנֵי שָׁבוּעוֹת לָעֹמֶר׃,,,פרשת קדושים,,דף יומי: בבא מציעא סט,14.0,4:15 AM,4:54 AM,5:50 AM,8:34 AM,8:45 AM,9:21 AM,10:32 AM,12:53 PM,1:30 PM,5:01 PM,6:29 PM,,7:58 PM,8:44 PM,9:33 PM
Wed,5/8/24,ל׳ ניסן תשפ״ד,ראש חודש אייר,ותן ברכה,יעלה ויבא,פרק ב׳,,הַיּוֹם חֲמִשָּׁה עָשָׂר יוֹם שֶׁהֵם שְׁנֵי שָׁבוּעוֹת וְיוֹם אֶחָד לָעֹמֶר׃,,Rosh Chodesh,פרשת קדושים,,דף יומי: בבא מציעא ע,15.0,4:13 AM,4:53 AM,5:48 AM,8:33 AM,8:44 AM,9:20 AM,10:31 AM,12:53 PM,1:30 PM,5:01 PM,6:30 PM,,7:59 PM,8:45 PM,9:34 PM
Thu,5/9/24,א׳ אייר תשפ״ד,ראש חודש אייר,ותן ברכה,יעלה ויבא,פרק ב׳,,הַיּוֹם שִׁשָּׁה עָשָׂר יוֹם שֶׁהֵם שְׁנֵי שָׁבוּעוֹת וּשְׁנֵי יָמִים לָעֹמֶר׃,,Rosh Chodesh,פרשת קדושים,,דף יומי: בבא מציעא עא,16.0,4:12 AM,4:51 AM,5:47 AM,8:33 AM,8:44 AM,9:20 AM,10:31 AM,12:53 PM,1:30 PM,5:02 PM,6:31 PM,,8:00 PM,8:46 PM,9:36 PM
Fri,5/10/24,ב׳ אייר תשפ״ד,,ותן ברכה,,פרק ב׳,הדל״נ 7:43 ,הַיּוֹם שִׁבְעָה עָשָׂר יוֹם שֶׁהֵם שְׁנֵי שָׁבוּעוֹת וּשְׁלֹשָׁה יָמִים לָעֹמֶר׃,,,פרשת קדושים,,דף יומי: בבא מציעא עב,17.0,4:10 AM,4:50 AM,5:46 AM,8:32 AM,8:43 AM,9:19 AM,10:30 AM,12:53 PM,1:30 PM,5:02 PM,6:32 PM,7:43 PM,8:01 PM,8:47 PM,9:37 PM
Sha,5/11/24,ג׳ אייר תשפ״ד,,ותן ברכה,,פרק ב׳,,הַיּוֹם שְׁמוֹנָה עָשָׂר יוֹם שֶׁהֵם שְׁנֵי שָׁבוּעוֹת וְאַרְבָּעָה יָמִים לָעֹמֶר׃,,,פרשת קדושים,Kedoshim,דף יומי: בבא מציעא עג,18.0,4:09 AM,4:49 AM,5:45 AM,8:31 AM,8:43 AM,9:19 AM,10:30 AM,12:53 PM,1:30 PM,5:03 PM,6:32 PM,,8:02 PM,8:48 PM,9:38 PM
Sun,5/12/24,ד׳ אייר תשפ״ד,,ותן ברכה,,פרק ג׳,,הַיּוֹם תִּשְׁעָה עָשָׂר יוֹם שֶׁהֵם שְׁנֵי שָׁבוּעוֹת וַחֲמִשָּׁה יָמִים לָעֹמֶר׃,,,פרשת אמור,,דף יומי: בבא מציעא עד,19.0,4:08 AM,4:48 AM,5:44 AM,8:30 AM,8:42 AM,9:18 AM,10:30 AM,12:53 PM,1:30 PM,5:04 PM,6:33 PM,,8:03 PM,8:50 PM,9:40 PM
Mon,5/13/24,ה׳ אייר תשפ״ד,,ותן ברכה,,פרק ג׳,,הַיּוֹם עֶשְׂרִים יוֹם שֶׁהֵם שְׁנֵי שָׁבוּעוֹת וְשִׁשָּׁה יָמִים לָעֹמֶר׃,,,פרשת אמור,,דף יומי: בבא מציעא עה,20.0,4:06 AM,4:47 AM,5:43 AM,8:30 AM,8:42 AM,9:18 AM,10:29 AM,12:53 PM,1:30 PM,5:04 PM,6:34 PM,,8:04 PM,8:51 PM,9:41 PM
Tue,5/14/24,ו׳ אייר תשפ״ד,,ותן ברכה,,פרק ג׳,,הַיּוֹם אֶחָד וְעֶשְׂרִים יוֹם שֶׁהֵם שְׁלֹשָׁה שָׁבוּעוֹת לָעֹמֶר׃,,,פרשת אמור,,דף יומי: בבא מציעא עו,21.0,4:05 AM,4:45 AM,5:42 AM,8:29 AM,8:41 AM,9:17 AM,10:29 AM,12:53 PM,1:30 PM,5:05 PM,6:35 PM,,8:05 PM,8:52 PM,9:43 PM
Wed,5/15/24,ז׳ אייר תשפ״ד,,ותן ברכה,,פרק ג׳,,הַיּוֹם שְׁנַֽיִם וְעֶשְׂרִים יוֹם שֶׁהֵם שְׁלֹשָׁה שָׁבוּעוֹת וְיוֹם אֶחָד לָעֹמֶר׃,,,פרשת אמור,,דף יומי: בבא מציעא עז,22.0,4:03 AM,4:44 AM,5:41 AM,8:28 AM,8:41 AM,9:17 AM,10:29 AM,12:53 PM,1:30 PM,5:05 PM,6:35 PM,,8:05 PM,8:53 PM,9:44 PM
Thu,5/16/24,ח׳ אייר תשפ״ד,,ותן ברכה,,פרק ג׳,,הַיּוֹם שְׁלֹשָׁה וְעֶשְׂרִים יוֹם שֶׁהֵם שְׁלֹשָׁה שָׁבוּעוֹת וּשְׁנֵי יָמִים לָעֹמֶר׃,,,פרשת אמור,,דף יומי: בבא מציעא עח,23.0,4:02 AM,4:43 AM,5:41 AM,8:28 AM,8:40 AM,9:16 AM,10:28 AM,12:53 PM,1:30 PM,5:06 PM,6:36 PM,,8:06 PM,8:54 PM,9:45 PM
Fri,5/17/24,ט׳ אייר תשפ״ד,,ותן ברכה,,פרק ג׳,הדל״נ 7:49 ,הַיּוֹם אַרְבָּעָה וְעֶשְׂרִים יוֹם שֶׁהֵם שְׁלֹשָׁה שָׁבוּעוֹת וּשְׁלֹשָׁה יָמִים לָעֹמֶר׃,,,פרשת אמור,,דף יומי: בבא מציעא עט,24.0,4:01 AM,4:42 AM,5:40 AM,8:27 AM,8:40 AM,9:16 AM,10:28 AM,12:53 PM,1:30 PM,5:06 PM,6:37 PM,7:49 PM,8:07 PM,8:55 PM,9:47 PM
Sha,5/18/24,י׳ אייר תשפ״ד,,ותן ברכה,,פרק ג׳,,הַיּוֹם חֲמִשָּׁה וְעֶשְׂרִים יוֹם שֶׁהֵם שְׁלֹשָׁה שָׁבוּעוֹת וְאַרְבָּעָה יָמִים לָעֹמֶר׃,,,פרשת אמור,Emor,דף יומי: בבא מציעא פ,25.0,4:00 AM,4:41 AM,5:39 AM,8:26 AM,8:39 AM,9:15 AM,10:28 AM,12:53 PM,1:30 PM,5:07 PM,6:38 PM,,8:08 PM,8:56 PM,9:48 PM
Sun,5/19/24,י״א אייר תשפ״ד,,ותן ברכה,,פרק ד׳,,הַיּוֹם שִׁשָּׁה וְעֶשְׂרִים יוֹם שֶׁהֵם שְׁלֹשָׁה שָׁבוּעוֹת וַחֲמִשָּׁה יָמִים לָעֹמֶר׃,,,פרשת בהר,,דף יומי: בבא מציעא פא,26.0,3:58 AM,4:40 AM,5:38 AM,8:26 AM,8:39 AM,9:15 AM,10:28 AM,12:53 PM,1:30 PM,5:07 PM,6:38 PM,,8:09 PM,8:57 PM,9:49 PM
Mon,5/20/24,י״ב אייר תשפ״ד,,ותן ברכה,,פרק ד׳,,הַיּוֹם שִׁבְעָה וְעֶשְׂרִים יוֹם שֶׁהֵם שְׁלֹשָׁה שָׁבוּעוֹת וְשִׁשָּׁה יָמִים לָעֹמֶר׃,,,פרשת בהר,,דף יומי: בבא מציעא פב,27.0,3:57 AM,4:39 AM,5:37 AM,8:25 AM,8:39 AM,9:15 AM,10:27 AM,12:53 PM,1:31 PM,5:08 PM,6:39 PM,,8:10 PM,8:58 PM,9:51 PM
Tue,5/21/24,י״ג אייר תשפ״ד,,ותן ברכה,,פרק ד׳,,הַיּוֹם שְׁמוֹנָה וְעֶשְׂרִים יוֹם שֶׁהֵם אַרְבָּעָה שָׁבוּעוֹת לָעֹמֶר׃,,,פרשת בהר,,דף יומי: בבא מציעא פג,28.0,3:56 AM,4:38 AM,5:36 AM,8:25 AM,8:38 AM,9:14 AM,10:27 AM,12:53 PM,1:31 PM,5:09 PM,6:40 PM,,8:11 PM,8:59 PM,9:52 PM
Wed,5/22/24,י״ד אייר תשפ״ד,פסח שני,ותן ברכה,א״א תחנון,פרק ד׳,,הַיּוֹם תִּשְׁעָה וְעֶשְׂרִים יוֹם שֶׁהֵם אַרְבָּעָה שָׁבוּעוֹת וְיוֹם אֶחָד לָעֹמֶר׃,,Pesach Sheini,פרשת בהר,,דף יומי: בבא מציעא פד,29.0,3:55 AM,4:37 AM,5:36 AM,8:24 AM,8:38 AM,9:14 AM,10:27 AM,12:53 PM,1:31 PM,5:09 PM,6:40 PM,,8:12 PM,9:00 PM,9:53 PM
Thu,5/23/24,ט״ו אייר תשפ״ד,,ותן ברכה,,פרק ד׳,,הַיּוֹם שְׁלֹשִׁים יוֹם שֶׁהֵם אַרְבָּעָה שָׁבוּעוֹת וּשְׁנֵי יָמִים לָעֹמֶר׃,,,פרשת בהר,,דף יומי: בבא מציעא פה,30.0,3:54 AM,4:36 AM,5:35 AM,8:24 AM,8:38 AM,9:14 AM,10:27 AM,12:53 PM,1:31 PM,5:10 PM,6:41 PM,,8:13 PM,9:01 PM,9:54 PM
Fri,5/24/24,ט״ז אייר תשפ״ד,,ותן ברכה,,פרק ד׳,הדל״נ 7:56 ,הַיּוֹם אֶחָד וּשְׁלֹשִׁים יוֹם שֶׁהֵם אַרְבָּעָה שָׁבוּעוֹת וּשְׁלֹשָׁה יָמִים לָעֹמֶר׃,,,פרשת בהר,,דף יומי: בבא מציעא פו,31.0,3:53 AM,4:36 AM,5:34 AM,8:23 AM,8:37 AM,9:13 AM,10:27 AM,12:53 PM,1:31 PM,5:10 PM,6:42 PM,7:56 PM,8:14 PM,9:02 PM,9:56 PM
Sha,5/25/24,י״ז אייר תשפ״ד,,ותן ברכה,,פרק ד׳,,הַיּוֹם שְׁנַֽיִם וּשְׁלֹשִׁים יוֹם שֶׁהֵם אַרְבָּעָה שָׁבוּעוֹת וְאַרְבָּעָה יָמִים לָעֹמֶר׃,,,פרשת בהר,Behar,דף יומי: בבא מציעא פז,32.0,3:52 AM,4:35 AM,5:34 AM,8:23 AM,8:37 AM,9:13 AM,10:27 AM,12:54 PM,1:31 PM,5:11 PM,6:43 PM,,8:14 PM,9:03 PM,9:57 PM
Sun,5/26/24,י״ח אייר תשפ״ד,ל״ג בעומר,ותן ברכה,א״א תחנון,פרק ה׳,,הַיּוֹם שְׁלֹשָׁה וּשְׁלֹשִׁים יוֹם שֶׁהֵם אַרְבָּעָה שָׁבוּעוֹת וַחֲמִשָּׁה יָמִים לָעֹמֶר׃,,Lag BaOmer,פרשת בחקתי,,דף יומי: בבא מציעא פח,33.0,3:51 AM,4:34 AM,5:33 AM,8:22 AM,8:37 AM,9:13 AM,10:26 AM,12:54 PM,1:31 PM,5:11 PM,6:43 PM,,8:15 PM,9:04 PM,9:58 PM
Mon,5/27/24,י״ט אייר תשפ״ד,,ותן ברכה,,פרק ה׳,,הַיּוֹם אַרְבָּעָה וּשְׁלֹשִׁים יוֹם שֶׁהֵם אַרְבָּעָה שָׁבוּעוֹת וְשִׁשָּׁה יָמִים לָעֹמֶר׃,,,פרשת בחקתי,,דף יומי: בבא מציעא פט,34.0,3:50 AM,4:33 AM,5:33 AM,8:22 AM,8:37 AM,9:13 AM,10:26 AM,12:54 PM,1:32 PM,5:12 PM,6:44 PM,,8:16 PM,9:05 PM,9:59 PM
Tue,5/28/24,כ׳ אייר תשפ״ד,,ותן ברכה,,פרק ה׳,,הַיּוֹם חֲמִשָּׁה וּשְׁלֹשִׁים יוֹם שֶׁהֵם חֲמִשָּׁה שָׁבוּעוֹת לָעֹמֶר׃,,,פרשת בחקתי,,דף יומי: בבא מציעא צ,35.0,3:49 AM,4:32 AM,5:32 AM,8:21 AM,8:36 AM,9:12 AM,10:26 AM,12:54 PM,1:32 PM,5:12 PM,6:44 PM,,8:17 PM,9:06 PM,10:00 PM
Wed,5/29/24,כ״א אייר תשפ״ד,,ותן ברכה,,פרק ה׳,,הַיּוֹם שִׁשָּׁה וּשְׁלֹשִׁים יוֹם שֶׁהֵם חֲמִשָּׁה שָׁבוּעוֹת וְיוֹם אֶחָד לָעֹמֶר׃,,,פרשת בחקתי,,דף יומי: בבא מציעא צא,36.0,3:48 AM,4:32 AM,5:32 AM,8:21 AM,8:36 AM,9:12 AM,10:26 AM,12:54 PM,1:32 PM,5:13 PM,6:45 PM,,8:18 PM,9:07 PM,10:02 PM
Thu,5/30/24,כ״ב אייר תשפ״ד,,ותן ברכה,,פרק ה׳,,הַיּוֹם שִׁבְעָה וּשְׁלֹשִׁים יוֹם שֶׁהֵם חֲמִשָּׁה שָׁבוּעוֹת וּשְׁנֵי יָמִים לָעֹמֶר׃,,,פרשת בחקתי,,דף יומי: בבא מציעא צב,37.0,3:47 AM,4:31 AM,5:31 AM,8:21 AM,8:36 AM,9:12 AM,10:26 AM,12:54 PM,1:32 PM,5:13 PM,6:46 PM,,8:18 PM,9:08 PM,10:03 PM
Fri,5/31/24,כ״ג אייר תשפ״ד,,ותן ברכה,,פרק ה׳,הדל״נ 8:01 ,הַיּוֹם שְׁמוֹנָה וּשְׁלֹשִׁים יוֹם שֶׁהֵם חֲמִשָּׁה שָׁבוּעוֹת וּשְׁלֹשָׁה יָמִים לָעֹמֶר׃,,,פרשת בחקתי,,דף יומי: בבא מציעא צג,38.0,3:46 AM,4:31 AM,5:31 AM,8:20 AM,8:36 AM,9:12 AM,10:26 AM,12:54 PM,1:32 PM,5:14 PM,6:46 PM,8:01 PM,8:19 PM,9:09 PM,10:04 PM
Sha,6/1/24,כ״ד אייר תשפ״ד,,ותן ברכה,,פרק ה׳,,הַיּוֹם תִּשְׁעָה וּשְׁלֹשִׁים יוֹם שֶׁהֵם חֲמִשָּׁה שָׁבוּעוֹת וְאַרְבָּעָה יָמִים לָעֹמֶר׃,,,פרשת בחקתי,Bechukosai,דף יומי: בבא מציעא צד,39.0,3:46 AM,4:30 AM,5:30 AM,8:20 AM,8:36 AM,9:12 AM,10:26 AM,12:54 PM,1:33 PM,5:14 PM,6:47 PM,,8:20 PM,9:09 PM,10:05 PM
Sun,6/2/24,כ״ה אייר תשפ״ד,,ותן ברכה,,פרק ו׳,,הַיּוֹם אַרְבָּעִים יוֹם שֶׁהֵם חֲמִשָּׁה שָׁבוּעוֹת וַחֲמִשָּׁה יָמִים לָעֹמֶר׃,,,פרשת במדבר,,דף יומי: בבא מציעא צה,40.0,3:45 AM,4:29 AM,5:30 AM,8:20 AM,8:36 AM,9:12 AM,10:26 AM,12:55 PM,1:33 PM,5:15 PM,6:48 PM,,8:20 PM,9:10 PM,10:06 PM
Mon,6/3/24,כ״ו אייר תשפ״ד,,ותן ברכה,,פרק ו׳,,הַיּוֹם אֶחָד וְאַרְבָּעִים יוֹם שֶׁהֵם חֲמִשָּׁה שָׁבוּעוֹת וְשִׁשָּׁה יָמִים לָעֹמֶר׃,,,פרשת במדבר,,דף יומי: בבא מציעא צו,41.0,3:44 AM,4:29 AM,5:29 AM,8:20 AM,8:36 AM,9:12 AM,10:26 AM,12:55 PM,1:33 PM,5:15 PM,6:48 PM,,8:21 PM,9:11 PM,10:07 PM
Tue,6/4/24,כ״ז אייר תשפ״ד,,ותן ברכה,,פרק ו׳,,הַיּוֹם שְׁנַֽיִם וְאַרְבָּעִים יוֹם שֶׁהֵם שִׁשָּׁה שָׁבוּעוֹת לָעֹמֶר׃,,,פרשת במדבר,,דף יומי: בבא מציעא צז,42.0,3:44 AM,4:29 AM,5:29 AM,8:19 AM,8:36 AM,9:12 AM,10:26 AM,12:55 PM,1:33 PM,5:16 PM,6:49 PM,,8:22 PM,9:12 PM,10:08 PM
Wed,6/5/24,כ״ח אייר תשפ״ד,,ותן ברכה,,פרק ו׳,,הַיּוֹם שְׁלֹשָׁה וְאַרְבָּעִים יוֹם שֶׁהֵם שִׁשָּׁה שָׁבוּעוֹת וְיוֹם אֶחָד לָעֹמֶר׃,,,פרשת במדבר,,דף יומי: בבא מציעא צח,43.0,3:43 AM,4:28 AM,5:29 AM,8:19 AM,8:35 AM,9:11 AM,10:26 AM,12:55 PM,1:33 PM,5:16 PM,6:49 PM,,8:22 PM,9:13 PM,10:09 PM
Thu,6/6/24,כ״ט אייר תשפ״ד,,ותן ברכה,,פרק ו׳,,הַיּוֹם אַרְבָּעָה וְאַרְבָּעִים יוֹם שֶׁהֵם שִׁשָּׁה שָׁבוּעוֹת וּשְׁנֵי יָמִים לָעֹמֶר׃,,,פרשת במדבר,,דף יומי: בבא מציעא צט,44.0,3:42 AM,4:28 AM,5:29 AM,8:19 AM,8:35 AM,9:11 AM,10:26 AM,12:55 PM,1:34 PM,5:16 PM,6:50 PM,,8:23 PM,9:13 PM,10:09 PM
Fri,6/7/24,א׳ סיון תשפ״ד,ראש חודש סיון,ותן ברכה,יעלה ויבא,פרק ו׳,הדל״נ 8:06 ,הַיּוֹם חֲמִשָּׁה וְאַרְבָּעִים יוֹם שֶׁהֵם שִׁשָּׁה שָׁבוּעוֹת וּשְׁלֹשָׁה יָמִים לָעֹמֶר׃,,Rosh Chodesh,פרשת במדבר,,דף יומי: בבא מציעא ק,45.0,3:42 AM,4:27 AM,5:28 AM,8:19 AM,8:35 AM,9:11 AM,10:26 AM,12:55 PM,1:34 PM,5:17 PM,6:50 PM,8:06 PM,8:24 PM,9:14 PM,10:10 PM
Sha,6/8/24,ב׳ סיון תשפ״ד,,ותן ברכה,,פרק ו׳,,הַיּוֹם שִׁשָּׁה וְאַרְבָּעִים יוֹם שֶׁהֵם שִׁשָּׁה שָׁבוּעוֹת וְאַרְבָּעָה יָמִים לָעֹמֶר׃,,,פרשת במדבר,Bamidbar,דף יומי: בבא מציעא קא,46.0,3:42 AM,4:27 AM,5:28 AM,8:19 AM,8:35 AM,9:11 AM,10:26 AM,12:56 PM,1:34 PM,5:17 PM,6:51 PM,,8:24 PM,9:15 PM,10:11 PM
Sun,6/9/24,ג׳ סיון תשפ״ד,,ותן ברכה,,פרק א׳,,הַיּוֹם שִׁבְעָה וְאַרְבָּעִים יוֹם שֶׁהֵם שִׁשָּׁה שָׁבוּעוֹת וַחֲמִשָּׁה יָמִים לָעֹמֶר׃,,,פרשת נשא,,דף יומי: בבא מציעא קב,47.0,3:41 AM,4:27 AM,5:28 AM,8:19 AM,8:35 AM,9:11 AM,10:26 AM,12:56 PM,1:34 PM,5:18 PM,6:51 PM,,8:25 PM,9:15 PM,10:12 PM
Mon,6/10/24,ד׳ סיון תשפ״ד,,ותן ברכה,,פרק א׳,,הַיּוֹם שְׁמוֹנָה וְאַרְבָּעִים יוֹם שֶׁהֵם שִׁשָּׁה שָׁבוּעוֹת וְשִׁשָּׁה יָמִים לָעֹמֶר׃,,,פרשת נשא,,דף יומי: בבא מציעא קג,48.0,3:41 AM,4:27 AM,5:28 AM,8:18 AM,8:35 AM,9:11 AM,10:26 AM,12:56 PM,1:34 PM,5:18 PM,6:52 PM,,8:25 PM,9:16 PM,10:12 PM
Tue,6/11/24,ה׳ סיון תשפ״ד,ערב שבועות,ותן ברכה,,פרק א׳,הדל״נ 8:08 ,הַיּוֹם תִּשְׁעָה וְאַרְבָּעִים יוֹם שֶׁהֵם שִׁבְעָה שָׁבוּעוֹת לָעֹמֶר׃,,Erev Shavuos,פרשת נשא,,דף יומי: בבא מציעא קד,49.0,3:41 AM,4:26 AM,5:28 AM,8:18 AM,8:35 AM,9:11 AM,10:26 AM,12:56 PM,1:35 PM,5:18 PM,6:52 PM,8:08 PM,8:26 PM,9:16 PM,10:13 PM
Wed,6/12/24,ו׳ סיון תשפ״ד,שבועות,ותן ברכה,יעלה ויבא,פרק א׳,,שויתי ה׳ לנגדי תמיד,,Shavuos,פרשת נשא,,דף יומי: בבא מציעא קה,,3:40 AM,4:26 AM,5:28 AM,8:18 AM,8:36 AM,9:12 AM,10:27 AM,12:56 PM,1:35 PM,5:19 PM,6:52 PM,,8:26 PM,9:17 PM,10:14 PM
Thu,6/13/24,ז׳ סיון תשפ״ד,שבועות,ותן ברכה,יעלה ויבא,פרק א׳,,שויתי ה׳ לנגדי תמיד,,Shavuos,פרשת נשא,,דף יומי: בבא מציעא קו,,3:40 AM,4:26 AM,5:28 AM,8:18 AM,8:36 AM,9:12 AM,10:27 AM,12:57 PM,1:35 PM,5:19 PM,6:53 PM,,8:27 PM,9:17 PM,10:14 PM
Fri,6/14/24,ח׳ סיון תשפ״ד,אסרו חג,ותן ברכה,א״א תחנון,פרק א׳,הדל״נ 8:09 ,שויתי ה׳ לנגדי תמיד,,Isru Chag,פרשת נשא,,דף יומי: בבא מציעא קז,,3:40 AM,4:26 AM,5:28 AM,8:18 AM,8:36 AM,9:12 AM,10:27 AM,12:57 PM,1:35 PM,5:19 PM,6:53 PM,8:09 PM,8:27 PM,9:18 PM,10:15 PM
Sha,6/15/24,ט׳ סיון תשפ״ד,,ותן ברכה,,פרק א׳,,שויתי ה׳ לנגדי תמיד,,,פרשת נשא,Naso,דף יומי: בבא מציעא קח,,3:40 AM,4:26 AM,5:28 AM,8:18 AM,8:36 AM,9:12 AM,10:27 AM,12:57 PM,1:36 PM,5:20 PM,6:54 PM,,8:27 PM,9:18 PM,10:15 PM
Sun,6/16/24,י׳ סיון תשפ״ד,,ותן ברכה,,פרק ב׳,,שויתי ה׳ לנגדי תמיד,,,פרשת בהעלותך,,דף יומי: בבא מציעא קט,,3:40 AM,4:26 AM,5:28 AM,8:19 AM,8:36 AM,9:12 AM,10:27 AM,12:57 PM,1:36 PM,5:20 PM,6:54 PM,,8:28 PM,9:18 PM,10:16 PM
Mon,6/17/24,י״א סיון תשפ״ד,,ותן ברכה,,פרק ב׳,,שויתי ה׳ לנגדי תמיד,,,פרשת בהעלותך,,דף יומי: בבא מציעא קי,,3:40 AM,4:26 AM,5:28 AM,8:19 AM,8:36 AM,9:12 AM,10:27 AM,12:57 PM,1:36 PM,5:20 PM,6:54 PM,,8:28 PM,9:19 PM,10:16 PM
Tue,6/18/24,י״ב סיון תשפ״ד,,ותן ברכה,,פרק ב׳,,שויתי ה׳ לנגדי תמיד,,,פרשת בהעלותך,,דף יומי: בבא מציעא קיא,,3:40 AM,4:26 AM,5:28 AM,8:19 AM,8:36 AM,9:12 AM,10:27 AM,12:58 PM,1:36 PM,5:20 PM,6:54 PM,,8:28 PM,9:19 PM,10:16 PM
Wed,6/19/24,י״ג סיון תשפ״ד,,ותן ברכה,,פרק ב׳,,שויתי ה׳ לנגדי תמיד,,,פרשת בהעלותך,,דף יומי: בבא מציעא קיב,,3:40 AM,4:26 AM,5:28 AM,8:19 AM,8:37 AM,9:13 AM,10:28 AM,12:58 PM,1:36 PM,5:21 PM,6:55 PM,,8:29 PM,9:19 PM,10:17 PM
Thu,6/20/24,י״ד סיון תשפ״ד,,ותן ברכה,,פרק ב׳,,שויתי ה׳ לנגדי תמיד,,,פרשת בהעלותך,,דף יומי: בבא מציעא קיג,,3:40 AM,4:27 AM,5:28 AM,8:19 AM,8:37 AM,9:13 AM,10:28 AM,12:58 PM,1:37 PM,5:21 PM,6:55 PM,,8:29 PM,9:20 PM,10:17 PM
Fri,6/21/24,ט״ו סיון תשפ״ד,,ותן ברכה,,פרק ב׳,הדל״נ 8:11 ,שויתי ה׳ לנגדי תמיד,,,פרשת בהעלותך,,דף יומי: בבא מציעא קיד,,3:40 AM,4:27 AM,5:29 AM,8:19 AM,8:37 AM,9:13 AM,10:28 AM,12:58 PM,1:37 PM,5:21 PM,6:55 PM,8:11 PM,8:29 PM,9:20 PM,10:17 PM
Sha,6/22/24,ט״ז סיון תשפ״ד,,ותן ברכה,,פרק ב׳,,שויתי ה׳ לנגדי תמיד,,,פרשת בהעלותך,Beha'aloscha,דף יומי: בבא מציעא קטו,,3:41 AM,4:27 AM,5:29 AM,8:20 AM,8:37 AM,9:13 AM,10:28 AM,12:58 PM,1:37 PM,5:21 PM,6:55 PM,,8:29 PM,9:20 PM,10:17 PM
Sun,6/23/24,י״ז סיון תשפ״ד,,ותן ברכה,,פרק ג׳,,שויתי ה׳ לנגדי תמיד,,,פרשת שלח,,דף יומי: בבא מציעא קטז,,3:41 AM,4:27 AM,5:29 AM,8:20 AM,8:37 AM,9:13 AM,10:28 AM,12:59 PM,1:37 PM,5:22 PM,6:55 PM,,8:29 PM,9:20 PM,10:17 PM
Mon,6/24/24,י״ח סיון תשפ״ד,,ותן ברכה,,פרק ג׳,,שויתי ה׳ לנגדי תמיד,,,פרשת שלח,,דף יומי: בבא מציעא קיז,,3:41 AM,4:28 AM,5:29 AM,8:20 AM,8:38 AM,9:14 AM,10:29 AM,12:59 PM,1:37 PM,5:22 PM,6:56 PM,,8:29 PM,9:20 PM,10:17 PM
Tue,6/25/24,י״ט סיון תשפ״ד,,ותן ברכה,,פרק ג׳,,שויתי ה׳ לנגדי תמיד,,,פרשת שלח,,דף יומי: בבא מציעא קיח,,3:42 AM,4:28 AM,5:30 AM,8:20 AM,8:38 AM,9:14 AM,10:29 AM,12:59 PM,1:38 PM,5:22 PM,6:56 PM,,8:29 PM,9:20 PM,10:17 PM
Wed,6/26/24,כ׳ סיון תשפ״ד,,ותן ברכה,,פרק ג׳,,שויתי ה׳ לנגדי תמיד,,,פרשת שלח,,דף יומי: בבא מציעא קיט,,3:42 AM,4:28 AM,5:30 AM,8:21 AM,8:38 AM,9:14 AM,10:29 AM,12:59 PM,1:38 PM,5:22 PM,6:56 PM,,8:29 PM,9:20 PM,10:17 PM
Thu,6/27/24,כ״א סיון תשפ״ד,,ותן ברכה,,פרק ג׳,,שויתי ה׳ לנגדי תמיד,,,פרשת שלח,,דף יומי: בבא בתרא ב,,3:43 AM,4:29 AM,5:31 AM,8:21 AM,8:38 AM,9:14 AM,10:29 AM,12:59 PM,1:38 PM,5:22 PM,6:56 PM,,8:29 PM,9:20 PM,10:17 PM
Fri,6/28/24,כ״ב סיון תשפ״ד,,ותן ברכה,,פרק ג׳,הדל״נ 8:11 ,שויתי ה׳ לנגדי תמיד,,,פרשת שלח,,דף יומי: בבא בתרא ג,,3:43 AM,4:29 AM,5:31 AM,8:21 AM,8:39 AM,9:15 AM,10:30 AM,1:00 PM,1:38 PM,5:22 PM,6:56 PM,8:11 PM,8:29 PM,9:20 PM,10:17 PM
Sha,6/29/24,כ״ג סיון תשפ״ד,,ותן ברכה,,פרק ג׳,,שויתי ה׳ לנגדי תמיד,,,פרשת שלח,Shelach,דף יומי: בבא בתרא ד,,3:44 AM,4:30 AM,5:31 AM,8:22 AM,8:39 AM,9:15 AM,10:30 AM,1:00 PM,1:38 PM,5:22 PM,6:56 PM,,8:29 PM,9:20 PM,10:17 PM
Sun,6/30/24,כ״ד סיון תשפ״ד,,ותן ברכה,,פרק ד׳,,שויתי ה׳ לנגדי תמיד,,,פרשת קרח,,דף יומי: בבא בתרא ה,,3:45 AM,4:30 AM,5:32 AM,8:22 AM,8:39 AM,9:15 AM,10:30 AM,1:00 PM,1:38 PM,5:22 PM,6:56 PM,,8:29 PM,9:20 PM,10:16 PM
Mon,7/1/24,כ״ה סיון תשפ״ד,,ותן ברכה,,פרק ד׳,,שויתי ה׳ לנגדי תמיד,,,פרשת קרח,,דף יומי: בבא בתרא ו,,3:45 AM,4:31 AM,5:32 AM,8:23 AM,8:40 AM,9:16 AM,10:31 AM,1:00 PM,1:39 PM,5:22 PM,6:56 PM,,8:29 PM,9:20 PM,10:16 PM
Tue,7/2/24,כ״ו סיון תשפ״ד,,ותן ברכה,,פרק ד׳,,שויתי ה׳ לנגדי תמיד,,,פרשת קרח,,דף יומי: בבא בתרא ז,,3:46 AM,4:32 AM,5:33 AM,8:23 AM,8:40 AM,9:16 AM,10:31 AM,1:00 PM,1:39 PM,5:22 PM,6:56 PM,,8:29 PM,9:19 PM,10:16 PM
Wed,7/3/24,כ״ז סיון תשפ״ד,,ותן ברכה,,פרק ד׳,,שויתי ה׳ לנגדי תמיד,,,פרשת קרח,,דף יומי: בבא בתרא ח,,3:47 AM,4:32 AM,5:33 AM,8:24 AM,8:40 AM,9:16 AM,10:31 AM,1:01 PM,1:39 PM,5:22 PM,6:55 PM,,8:29 PM,9:19 PM,10:15 PM
Thu,7/4/24,כ״ח סיון תשפ״ד,,ותן ברכה,,פרק ד׳,,שויתי ה׳ לנגדי תמיד,,,פרשת קרח,,דף יומי: בבא בתרא ט,,3:47 AM,4:33 AM,5:34 AM,8:24 AM,8:41 AM,9:17 AM,10:31 AM,1:01 PM,1:39 PM,5:22 PM,6:55 PM,,8:29 PM,9:19 PM,10:15 PM
Fri,7/5/24,כ״ט סיון תשפ״ד,,ותן ברכה,,פרק ד׳,הדל״נ 8:10 ,שויתי ה׳ לנגדי תמיד,,,פרשת קרח,,דף יומי: בבא בתרא י,,3:48 AM,4:34 AM,5:35 AM,8:25 AM,8:41 AM,9:17 AM,10:32 AM,1:01 PM,1:39 PM,5:22 PM,6:55 PM,8:10 PM,8:28 PM,9:18 PM,10:14 PM
Sha,7/6/24,ל׳ סיון תשפ״ד,ראש חודש תמוז,ותן ברכה,יעלה ויבא,פרק ד׳,,שויתי ה׳ לנגדי תמיד,,Rosh Chodesh,פרשת קרח,Korach,דף יומי: בבא בתרא יא,,3:49 AM,4:34 AM,5:35 AM,8:25 AM,8:42 AM,9:18 AM,10:32 AM,1:01 PM,1:39 PM,5:22 PM,6:55 PM,,8:28 PM,9:18 PM,10:14 PM
Sun,7/7/24,א׳ תמוז תשפ״ד,ראש חודש תמוז,ותן ברכה,יעלה ויבא,פרק ה׳,,שויתי ה׳ לנגדי תמיד,,Rosh Chodesh,פרשת חקת,,דף יומי: בבא בתרא יב,,3:50 AM,4:35 AM,5:36 AM,8:26 AM,8:42 AM,9:18 AM,10:32 AM,1:01 PM,1:39 PM,5:22 PM,6:55 PM,,8:28 PM,9:18 PM,10:13 PM
Mon,7/8/24,ב׳ תמוז תשפ״ד,,ותן ברכה,,פרק ה׳,,שויתי ה׳ לנגדי תמיד,,,פרשת חקת,,דף יומי: בבא בתרא יג,,3:51 AM,4:36 AM,5:36 AM,8:26 AM,8:42 AM,9:18 AM,10:33 AM,1:01 PM,1:40 PM,5:22 PM,6:54 PM,,8:27 PM,9:17 PM,10:12 PM
Tue,7/9/24,ג׳ תמוז תשפ״ד,,ותן ברכה,,פרק ה׳,,שויתי ה׳ לנגדי תמיד,,,פרשת חקת,,דף יומי: בבא בתרא יד,,3:52 AM,4:37 AM,5:37 AM,8:27 AM,8:43 AM,9:19 AM,10:33 AM,1:02 PM,1:40 PM,5:21 PM,6:54 PM,,8:27 PM,9:17 PM,10:12 PM
Wed,7/10/24,ד׳ תמוז תשפ״ד,,ותן ברכה,,פרק ה׳,,שויתי ה׳ לנגדי תמיד,,,פרשת חקת,,דף יומי: בבא בתרא טו,,3:53 AM,4:37 AM,5:38 AM,8:27 AM,8:43 AM,9:19 AM,10:33 AM,1:02 PM,1:40 PM,5:21 PM,6:54 PM,,8:27 PM,9:16 PM,10:11 PM
Thu,7/11/24,ה׳ תמוז תשפ״ד,,ותן ברכה,,פרק ה׳,,שויתי ה׳ לנגדי תמיד,,,פרשת חקת,,דף יומי: בבא בתרא טז,,3:54 AM,4:38 AM,5:38 AM,8:28 AM,8:44 AM,9:20 AM,10:34 AM,1:02 PM,1:40 PM,5:21 PM,6:54 PM,,8:26 PM,9:16 PM,10:10 PM
Fri,7/12/24,ו׳ תמוז תשפ״ד,,ותן ברכה,,פרק ה׳,הדל״נ 8:08 ,שויתי ה׳ לנגדי תמיד,,,פרשת חקת,,דף יומי: בבא בתרא יז,,3:55 AM,4:39 AM,5:39 AM,8:28 AM,8:44 AM,9:20 AM,10:34 AM,1:02 PM,1:40 PM,5:21 PM,6:53 PM,8:08 PM,8:26 PM,9:15 PM,10:09 PM
Sha,7/13/24,ז׳ תמוז תשפ״ד,,ותן ברכה,,פרק ה׳,,שויתי ה׳ לנגדי תמיד,,,פרשת חקת,Chukas,דף יומי: בבא בתרא יח,,3:56 AM,4:40 AM,5:40 AM,8:29 AM,8:44 AM,9:20 AM,10:34 AM,1:02 PM,1:40 PM,5:20 PM,6:53 PM,,8:25 PM,9:14 PM,10:09 PM
Sun,7/14/24,ח׳ תמוז תשפ״ד,,ותן ברכה,,פרק ו׳,,שויתי ה׳ לנגדי תמיד,,,פרשת בלק,,דף יומי: בבא בתרא יט,,3:57 AM,4:41 AM,5:41 AM,8:30 AM,8:45 AM,9:21 AM,10:35 AM,1:02 PM,1:40 PM,5:20 PM,6:52 PM,,8:25 PM,9:14 PM,10:08 PM
Mon,7/15/24,ט׳ תמוז תשפ״ד,,ותן ברכה,,פרק ו׳,,שויתי ה׳ לנגדי תמיד,,,פרשת בלק,,דף יומי: בבא בתרא כ,,3:58 AM,4:42 AM,5:41 AM,8:30 AM,8:45 AM,9:21 AM,10:35 AM,1:02 PM,1:40 PM,5:20 PM,6:52 PM,,8:24 PM,9:13 PM,10:07 PM
Tue,7/16/24,י׳ תמוז תשפ״ד,,ותן ברכה,,פרק ו׳,,שויתי ה׳ לנגדי תמיד,,,פרשת בלק,,דף יומי: בבא בתרא כא,,3:59 AM,4:43 AM,5:42 AM,8:31 AM,8:46 AM,9:22 AM,10:35 AM,1:02 PM,1:40 PM,5:20 PM,6:51 PM,,8:23 PM,9:12 PM,10:06 PM
Wed,7/17/24,י״א תמוז תשפ״ד,,ותן ברכה,,פרק ו׳,,שויתי ה׳ לנגדי תמיד,,,פרשת בלק,,דף יומי: בבא בתרא כב,,4:01 AM,4:44 AM,5:43 AM,8:31 AM,8:46 AM,9:22 AM,10:36 AM,1:02 PM,1:40 PM,5:19 PM,6:51 PM,,8:23 PM,9:11 PM,10:05 PM
Thu,7/18/24,י״ב תמוז תשפ״ד,,ותן ברכה,,פרק ו׳,,שויתי ה׳ לנגדי תמיד,,,פרשת בלק,,דף יומי: בבא בתרא כג,,4:02 AM,4:45 AM,5:44 AM,8:32 AM,8:47 AM,9:23 AM,10:36 AM,1:02 PM,1:40 PM,5:19 PM,6:50 PM,,8:22 PM,9:11 PM,10:04 PM
Fri,7/19/24,י״ג תמוז תשפ״ד,,ותן ברכה,,פרק ו׳,הדל״נ 8:03 ,שויתי ה׳ לנגדי תמיד,,,פרשת בלק,,דף יומי: בבא בתרא כד,,4:03 AM,4:46 AM,5:45 AM,8:33 AM,8:47 AM,9:23 AM,10:36 AM,1:02 PM,1:40 PM,5:18 PM,6:50 PM,8:03 PM,8:21 PM,9:10 PM,10:02 PM
Sha,7/20/24,י״ד תמוז תשפ״ד,,ותן ברכה,,פרק ו׳,,שויתי ה׳ לנגדי תמיד,,,פרשת בלק,Balak,דף יומי: בבא בתרא כה,,4:04 AM,4:47 AM,5:45 AM,8:33 AM,8:47 AM,9:23 AM,10:36 AM,1:02 PM,1:40 PM,5:18 PM,6:49 PM,,8:21 PM,9:09 PM,10:01 PM
Sun,7/21/24,ט״ו תמוז תשפ״ד,,ותן ברכה,,פרק א׳,,שויתי ה׳ לנגדי תמיד,,,פרשת פינחס,,דף יומי: בבא בתרא כו,,4:06 AM,4:48 AM,5:46 AM,8:34 AM,8:48 AM,9:24 AM,10:37 AM,1:03 PM,1:40 PM,5:18 PM,6:49 PM,,8:20 PM,9:08 PM,10:00 PM
Mon,7/22/24,ט״ז תמוז תשפ״ד,,ותן ברכה,,פרק א׳,,שויתי ה׳ לנגדי תמיד,,,פרשת פינחס,,דף יומי: בבא בתרא כז,,4:07 AM,4:49 AM,5:47 AM,8:35 AM,8:48 AM,9:24 AM,10:37 AM,1:03 PM,1:40 PM,5:17 PM,6:48 PM,,8:19 PM,9:07 PM,9:59 PM
Tue,7/23/24,י״ז תמוז תשפ״ד,תענית י״ז בתמוז,ותן ברכה,,פרק א׳,,שויתי ה׳ לנגדי תמיד,,Shivah Asar B'Tamuz,פרשת פינחס,,דף יומי: בבא בתרא כח,,4:08 AM,4:50 AM,5:48 AM,8:35 AM,8:49 AM,9:25 AM,10:37 AM,1:03 PM,1:40 PM,5:17 PM,6:47 PM,,8:18 PM,9:06 PM,9:58 PM
Wed,7/24/24,י״ח תמוז תשפ״ד,,ותן ברכה,,פרק א׳,,שויתי ה׳ לנגדי תמיד,,,פרשת פינחס,,דף יומי: בבא בתרא כט,,4:09 AM,4:51 AM,5:49 AM,8:36 AM,8:49 AM,9:25 AM,10:38 AM,1:03 PM,1:40 PM,5:16 PM,6:47 PM,,8:17 PM,9:05 PM,9:56 PM
Thu,7/25/24,י״ט תמוז תשפ״ד,,ותן ברכה,,פרק א׳,,שויתי ה׳ לנגדי תמיד,,,פרשת פינחס,,דף יומי: בבא בתרא ל,,4:11 AM,4:52 AM,5:50 AM,8:37 AM,8:50 AM,9:26 AM,10:38 AM,1:03 PM,1:40 PM,5:16 PM,6:46 PM,,8:16 PM,9:04 PM,9:55 PM
Fri,7/26/24,כ׳ תמוז תשפ״ד,,ותן ברכה,,פרק א׳,הדל״נ 7:58 ,שויתי ה׳ לנגדי תמיד,,,פרשת פינחס,,דף יומי: בבא בתרא לא,,4:12 AM,4:53 AM,5:51 AM,8:37 AM,8:50 AM,9:26 AM,10:38 AM,1:03 PM,1:40 PM,5:15 PM,6:45 PM,7:58 PM,8:16 PM,9:03 PM,9:54 PM
Sha,7/27/24,כ״א תמוז תשפ״ד,,ותן ברכה,,פרק א׳,,שויתי ה׳ לנגדי תמיד,,,פרשת פינחס,Pinchas,דף יומי: בבא בתרא לב,,4:13 AM,4:54 AM,5:52 AM,8:38 AM,8:51 AM,9:27 AM,10:39 AM,1:03 PM,1:40 PM,5:15 PM,6:45 PM,,8:15 PM,9:02 PM,9:52 PM
Sun,7/28/24,כ״ב תמוז תשפ״ד,,ותן ברכה,,פרק ב׳,,שויתי ה׳ לנגדי תמיד,,,פרשת מטות-מסעי,,דף יומי: בבא בתרא לג,,4:15 AM,4:55 AM,5:52 AM,8:38 AM,8:51 AM,9:27 AM,10:39 AM,1:03 PM,1:39 PM,5:14 PM,6:44 PM,,8:14 PM,9:01 PM,9:51 PM
Mon,7/29/24,כ״ג תמוז תשפ״ד,,ותן ברכה,,פרק ב׳,,שויתי ה׳ לנגדי תמיד,,,פרשת מטות-מסעי,,דף יומי: בבא בתרא לד,,4:16 AM,4:57 AM,5:53 AM,8:39 AM,8:51 AM,9:27 AM,10:39 AM,1:03 PM,1:39 PM,5:13 PM,6:43 PM,,8:13 PM,9:00 PM,9:50 PM
Tue,7/30/24,כ״ד תמוז תשפ״ד,,ותן ברכה,,פרק ב׳,,שויתי ה׳ לנגדי תמיד,,,פרשת מטות-מסעי,,דף יומי: בבא בתרא לה,,4:17 AM,4:58 AM,5:54 AM,8:40 AM,8:52 AM,9:28 AM,10:39 AM,1:02 PM,1:39 PM,5:13 PM,6:42 PM,,8:12 PM,8:58 PM,9:48 PM
Wed,7/31/24,כ״ה תמוז תשפ״ד,,ותן ברכה,,פרק ב׳,,שויתי ה׳ לנגדי תמיד,,,פרשת מטות-מסעי,,דף יומי: בבא בתרא לו,,4:19 AM,4:59 AM,5:55 AM,8:40 AM,8:52 AM,9:28 AM,10:40 AM,1:02 PM,1:39 PM,5:12 PM,6:41 PM,,8:11 PM,8:57 PM,9:47 PM
Thu,8/1/24,כ״ו תמוז תשפ״ד,,ותן ברכה,,פרק ב׳,,שויתי ה׳ לנגדי תמיד,,,פרשת מטות-מסעי,,דף יומי: בבא בתרא לז,,4:20 AM,5:00 AM,5:56 AM,8:41 AM,8:53 AM,9:29 AM,10:40 AM,1:02 PM,1:39 PM,5:12 PM,6:41 PM,,8:10 PM,8:56 PM,9:45 PM
Fri,8/2/24,כ״ז תמוז תשפ״ד,,ותן ברכה,,פרק ב׳,הדל״נ 7:50 ,שויתי ה׳ לנגדי תמיד,,,פרשת מטות-מסעי,,דף יומי: בבא בתרא לח,,4:21 AM,5:01 AM,5:57 AM,8:42 AM,8:53 AM,9:29 AM,10:40 AM,1:02 PM,1:39 PM,5:11 PM,6:40 PM,7:50 PM,8:08 PM,8:55 PM,9:44 PM
Sha,8/3/24,כ״ח תמוז תשפ״ד,,ותן ברכה,,פרק ב׳,,שויתי ה׳ לנגדי תמיד,,,פרשת מטות-מסעי,Matos-Masei,דף יומי: בבא בתרא לט,,4:23 AM,5:02 AM,5:58 AM,8:42 AM,8:54 AM,9:30 AM,10:40 AM,1:02 PM,1:39 PM,5:10 PM,6:39 PM,,8:07 PM,8:53 PM,9:42 PM
Sun,8/4/24,כ״ט תמוז תשפ״ד,,ותן ברכה,,פרק ג׳,,שויתי ה׳ לנגדי תמיד,,,פרשת דברים,,דף יומי: בבא בתרא מ,,4:24 AM,5:03 AM,5:59 AM,8:43 AM,8:54 AM,9:30 AM,10:41 AM,1:02 PM,1:38 PM,5:09 PM,6:38 PM,,8:06 PM,8:52 PM,9:41 PM
Mon,8/5/24,א׳ אב תשפ״ד,ראש חודש אב,ותן ברכה,יעלה ויבא,פרק ג׳,,שויתי ה׳ לנגדי תמיד,,Rosh Chodesh,פרשת דברים,,דף יומי: בבא בתרא מא,,4:25 AM,5:04 AM,6:00 AM,8:44 AM,8:54 AM,9:30 AM,10:41 AM,1:02 PM,1:38 PM,5:09 PM,6:37 PM,,8:05 PM,8:51 PM,9:39 PM
Tue,8/6/24,ב׳ אב תשפ״ד,,ותן ברכה,,פרק ג׳,,שויתי ה׳ לנגדי תמיד,,,פרשת דברים,,דף יומי: בבא בתרא מב,,4:27 AM,5:06 AM,6:01 AM,8:44 AM,8:55 AM,9:31 AM,10:41 AM,1:02 PM,1:38 PM,5:08 PM,6:36 PM,,8:04 PM,8:50 PM,9:38 PM
Wed,8/7/24,ג׳ אב תשפ״ד,,ותן ברכה,,פרק ג׳,,שויתי ה׳ לנגדי תמיד,,,פרשת דברים,,דף יומי: בבא בתרא מג,,4:28 AM,5:07 AM,6:02 AM,8:45 AM,8:55 AM,9:31 AM,10:41 AM,1:02 PM,1:38 PM,5:07 PM,6:35 PM,,8:03 PM,8:48 PM,9:36 PM
Thu,8/8/24,ד׳ אב תשפ״ד,,ותן ברכה,,פרק ג׳,,שויתי ה׳ לנגדי תמיד,,,פרשת דברים,,דף יומי: בבא בתרא מד,,4:29 AM,5:08 AM,6:03 AM,8:45 AM,8:56 AM,9:32 AM,10:42 AM,1:02 PM,1:38 PM,5:06 PM,6:34 PM,,8:01 PM,8:47 PM,9:34 PM
Fri,8/9/24,ה׳ אב תשפ״ד,,ותן ברכה,,פרק ג׳,הדל״נ 7:42 ,שויתי ה׳ לנגדי תמיד,,,פרשת דברים,,דף יומי: בבא בתרא מה,,4:31 AM,5:09 AM,6:04 AM,8:46 AM,8:56 AM,9:32 AM,10:42 AM,1:01 PM,1:37 PM,5:06 PM,6:33 PM,7:42 PM,8:00 PM,8:45 PM,9:33 PM
Sha,8/10/24,ו׳ אב תשפ״ד,,ותן ברכה,,פרק ג׳,,שויתי ה׳ לנגדי תמיד,,,פרשת דברים,Devarim,דף יומי: בבא בתרא מו,,4:32 AM,5:10 AM,6:05 AM,8:47 AM,8:56 AM,9:32 AM,10:42 AM,1:01 PM,1:37 PM,5:05 PM,6:32 PM,,7:59 PM,8:44 PM,9:31 PM
Sun,8/11/24,ז׳ אב תשפ״ד,,ותן ברכה,,פרק ד׳,,שויתי ה׳ לנגדי תמיד,,,פרשת ואתחנן,,דף יומי: בבא בתרא מז,,4:33 AM,5:11 AM,6:06 AM,8:47 AM,8:57 AM,9:33 AM,10:42 AM,1:01 PM,1:37 PM,5:04 PM,6:31 PM,,7:58 PM,8:43 PM,9:29 PM
Mon,8/12/24,ח׳ אב תשפ״ד,ערב ט׳ באב,ותן ברכה,,פרק ד׳,,שויתי ה׳ לנגדי תמיד,,Erev Tishah B'Av,פרשת ואתחנן,,דף יומי: בבא בתרא מח,,4:35 AM,5:12 AM,6:07 AM,8:48 AM,8:57 AM,9:33 AM,10:42 AM,1:01 PM,1:37 PM,5:03 PM,6:30 PM,,7:56 PM,8:41 PM,9:28 PM
Tue,8/13/24,ט׳ אב תשפ״ד,תשעה באב,ותן ברכה,,פרק ד׳,,שויתי ה׳ לנגדי תמיד,,Tishah B'Av,פרשת ואתחנן,,דף יומי: בבא בתרא מט,,4:36 AM,5:14 AM,6:07 AM,8:48 AM,8:58 AM,9:34 AM,10:43 AM,1:01 PM,1:36 PM,5:02 PM,6:29 PM,,7:55 PM,8:40 PM,9:26 PM
Wed,8/14/24,י׳ אב תשפ״ד,,ותן ברכה,,פרק ד׳,,שויתי ה׳ לנגדי תמיד,,,פרשת ואתחנן,,דף יומי: בבא בתרא נ,,4:37 AM,5:15 AM,6:08 AM,8:49 AM,8:58 AM,9:34 AM,10:43 AM,1:01 PM,1:36 PM,5:02 PM,6:28 PM,,7:54 PM,8:38 PM,9:24 PM
Thu,8/15/24,י״א אב תשפ״ד,,ותן ברכה,,פרק ד׳,,שויתי ה׳ לנגדי תמיד,,,פרשת ואתחנן,,דף יומי: בבא בתרא נא,,4:39 AM,5:16 AM,6:09 AM,8:49 AM,8:58 AM,9:34 AM,10:43 AM,1:00 PM,1:36 PM,5:01 PM,6:26 PM,,7:52 PM,8:37 PM,9:23 PM
Fri,8/16/24,י״ב אב תשפ״ד,,ותן ברכה,,פרק ד׳,הדל״נ 7:33 ,שויתי ה׳ לנגדי תמיד,,,פרשת ואתחנן,,דף יומי: בבא בתרא נב,,4:40 AM,5:17 AM,6:10 AM,8:50 AM,8:59 AM,9:35 AM,10:43 AM,1:00 PM,1:35 PM,5:00 PM,6:25 PM,7:33 PM,7:51 PM,8:35 PM,9:21 PM
Sha,8/17/24,י״ג אב תשפ״ד,,ותן ברכה,,פרק ד׳,,שויתי ה׳ לנגדי תמיד,,,פרשת ואתחנן,Ve'eschanan,דף יומי: בבא בתרא נג,,4:41 AM,5:18 AM,6:11 AM,8:51 AM,8:59 AM,9:35 AM,10:43 AM,1:00 PM,1:35 PM,4:59 PM,6:24 PM,,7:50 PM,8:34 PM,9:19 PM
Sun,8/18/24,י״ד אב תשפ״ד,,ותן ברכה,,פרק ה׳,,שויתי ה׳ לנגדי תמיד,,,פרשת עקב,,דף יומי: בבא בתרא נד,,4:43 AM,5:19 AM,6:12 AM,8:51 AM,8:59 AM,9:35 AM,10:44 AM,1:00 PM,1:35 PM,4:58 PM,6:23 PM,,7:48 PM,8:32 PM,9:17 PM
Mon,8/19/24,ט״ו אב תשפ״ד,,ותן ברכה,,פרק ה׳,,שויתי ה׳ לנגדי תמיד,,,פרשת עקב,,דף יומי: בבא בתרא נה,,4:44 AM,5:20 AM,6:13 AM,8:52 AM,9:00 AM,9:36 AM,10:44 AM,12:59 PM,1:34 PM,4:57 PM,6:22 PM,,7:47 PM,8:30 PM,9:16 PM
Tue,8/20/24,ט״ז אב תשפ״ד,,ותן ברכה,,פרק ה׳,,שויתי ה׳ לנגדי תמיד,,,פרשת עקב,,דף יומי: בבא בתרא נו,,4:45 AM,5:22 AM,6:14 AM,8:52 AM,9:00 AM,9:36 AM,10:44 AM,12:59 PM,1:34 PM,4:56 PM,6:21 PM,,7:45 PM,8:29 PM,9:14 PM
Wed,8/21/24,י״ז אב תשפ״ד,,ותן ברכה,,פרק ה׳,,שויתי ה׳ לנגדי תמיד,,,פרשת עקב,,דף יומי: בבא בתרא נז,,4:47 AM,5:23 AM,6:15 AM,8:53 AM,9:01 AM,9:37 AM,10:44 AM,12:59 PM,1:34 PM,4:55 PM,6:19 PM,,7:44 PM,8:27 PM,9:12 PM
Thu,8/22/24,י״ח אב תשפ״ד,,ותן ברכה,,פרק ה׳,,שויתי ה׳ לנגדי תמיד,,,פרשת עקב,,דף יומי: בבא בתרא נח,,4:48 AM,5:24 AM,6:16 AM,8:53 AM,9:01 AM,9:37 AM,10:44 AM,12:59 PM,1:33 PM,4:54 PM,6:18 PM,,7:42 PM,8:26 PM,9:10 PM
Fri,8/23/24,י״ט אב תשפ״ד,,ותן ברכה,,פרק ה׳,הדל״נ 7:23 ,שויתי ה׳ לנגדי תמיד,,,פרשת עקב,,דף יומי: בבא בתרא נט,,4:49 AM,5:25 AM,6:17 AM,8:54 AM,9:01 AM,9:37 AM,10:44 AM,12:58 PM,1:33 PM,4:53 PM,6:17 PM,7:23 PM,7:41 PM,8:24 PM,9:08 PM
Sha,8/24/24,כ׳ אב תשפ״ד,,ותן ברכה,,פרק ה׳,,שויתי ה׳ לנגדי תמיד,,,פרשת עקב,Eikev,דף יומי: בבא בתרא ס,,4:50 AM,5:26 AM,6:18 AM,8:54 AM,9:02 AM,9:38 AM,10:44 AM,12:58 PM,1:33 PM,4:52 PM,6:16 PM,,7:39 PM,8:23 PM,9:07 PM
Sun,8/25/24,כ״א אב תשפ״ד,,ותן ברכה,,פרק ו׳,,שויתי ה׳ לנגדי תמיד,,,פרשת ראה,,דף יומי: בבא בתרא סא,,4:52 AM,5:27 AM,6:19 AM,8:55 AM,9:02 AM,9:38 AM,10:45 AM,12:58 PM,1:32 PM,4:51 PM,6:14 PM,,7:38 PM,8:21 PM,9:05 PM
Mon,8/26/24,כ״ב אב תשפ״ד,,ותן ברכה,,פרק ו׳,,שויתי ה׳ לנגדי תמיד,,,פרשת ראה,,דף יומי: בבא בתרא סב,,4:53 AM,5:28 AM,6:20 AM,8:55 AM,9:02 AM,9:38 AM,10:45 AM,12:58 PM,1:32 PM,4:50 PM,6:13 PM,,7:36 PM,8:19 PM,9:03 PM
Tue,8/27/24,כ״ג אב תשפ״ד,,ותן ברכה,,פרק ו׳,,שויתי ה׳ לנגדי תמיד,,,פרשת ראה,,דף יומי: בבא בתרא סג,,4:54 AM,5:29 AM,6:21 AM,8:56 AM,9:03 AM,9:39 AM,10:45 AM,12:57 PM,1:31 PM,4:49 PM,6:12 PM,,7:35 PM,8:18 PM,9:01 PM
Wed,8/28/24,כ״ד אב תשפ״ד,,ותן ברכה,,פרק ו׳,,שויתי ה׳ לנגדי תמיד,,,פרשת ראה,,דף יומי: בבא בתרא סד,,4:55 AM,5:30 AM,6:22 AM,8:56 AM,9:03 AM,9:39 AM,10:45 AM,12:57 PM,1:31 PM,4:48 PM,6:11 PM,,7:33 PM,8:16 PM,8:59 PM
Thu,8/29/24,כ״ה אב תשפ״ד,,ותן ברכה,,פרק ו׳,,שויתי ה׳ לנגדי תמיד,,,פרשת ראה,,דף יומי: בבא בתרא סה,,4:57 AM,5:31 AM,6:23 AM,8:57 AM,9:03 AM,9:39 AM,10:45 AM,12:57 PM,1:31 PM,4:47 PM,6:09 PM,,7:32 PM,8:14 PM,8:57 PM
Fri,8/30/24,כ״ו אב תשפ״ד,,ותן ברכה,,פרק ו׳,הדל״נ 7:12 ,שויתי ה׳ לנגדי תמיד,,,פרשת ראה,,דף יומי: בבא בתרא סו,,4:58 AM,5:33 AM,6:24 AM,8:57 AM,9:04 AM,9:40 AM,10:45 AM,12:56 PM,1:30 PM,4:46 PM,6:08 PM,7:12 PM,7:30 PM,8:13 PM,8:56 PM
Sha,8/31/24,כ״ז אב תשפ״ד,,ותן ברכה,,פרק ו׳,,שויתי ה׳ לנגדי תמיד,,,פרשת ראה,Re'eh,דף יומי: בבא בתרא סז,,4:59 AM,5:34 AM,6:25 AM,8:57 AM,9:04 AM,9:40 AM,10:45 AM,12:56 PM,1:30 PM,4:45 PM,6:07 PM,,7:29 PM,8:11 PM,8:54 PM
Sun,9/1/24,כ״ח אב תשפ״ד,,ותן ברכה,,פרק א׳,,שויתי ה׳ לנגדי תמיד,,,פרשת שופטים,,דף יומי: בבא בתרא סח,,5:00 AM,5:35 AM,6:26 AM,8:58 AM,9:04 AM,9:40 AM,10:45 AM,12:56 PM,1:29 PM,4:44 PM,6:05 PM,,7:27 PM,8:09 PM,8:52 PM
Mon,9/2/24,כ״ט אב תשפ״ד,,ותן ברכה,,פרק א׳,,שויתי ה׳ לנגדי תמיד,,,פרשת שופטים,,דף יומי: בבא בתרא סט,,5:01 AM,5:36 AM,6:27 AM,8:58 AM,9:04 AM,9:40 AM,10:45 AM,12:55 PM,1:29 PM,4:43 PM,6:04 PM,,7:25 PM,8:08 PM,8:50 PM
Tue,9/3/24,ל׳ אב תשפ״ד,ראש חודש אלול,ותן ברכה,יעלה ויבא,פרק א׳,,שויתי ה׳ לנגדי תמיד,,Rosh Chodesh,פרשת שופטים,,דף יומי: בבא בתרא ע,,5:03 AM,5:37 AM,6:27 AM,8:59 AM,9:05 AM,9:41 AM,10:46 AM,12:55 PM,1:28 PM,4:42 PM,6:03 PM,,7:24 PM,8:06 PM,8:48 PM
Wed,9/4/24,א׳ אלול תשפ״ד,ראש חודש אלול,ותן ברכה,יעלה ויבא,פרק א׳,לדוד ה׳ אורי,שויתי ה׳ לנגדי תמיד,,Rosh Chodesh,פרשת שופטים,,דף יומי: בבא בתרא עא,,5:04 AM,5:38 AM,6:28 AM,8:59 AM,9:05 AM,9:41 AM,10:46 AM,12:55 PM,1:28 PM,4:41 PM,6:01 PM,,7:22 PM,8:04 PM,8:46 PM
Thu,9/5/24,ב׳ אלול תשפ״ד,,ותן ברכה,פרק א׳,לדוד ה׳ אורי,,שויתי ה׳ לנגדי תמיד,,,פרשת שופטים,,דף יומי: בבא בתרא עב,,5:05 AM,5:39 AM,6:29 AM,9:00 AM,9:05 AM,9:41 AM,10:46 AM,12:54 PM,1:28 PM,4:40 PM,6:00 PM,,7:20 PM,8:03 PM,8:45 PM
Fri,9/6/24,ג׳ אלול תשפ״ד,,ותן ברכה,פרק א׳,לדוד ה׳ אורי,הדל״נ 7:01 ,שויתי ה׳ לנגדי תמיד,,,פרשת שופטים,,דף יומי: בבא בתרא עג,,5:06 AM,5:40 AM,6:30 AM,9:00 AM,9:06 AM,9:42 AM,10:46 AM,12:54 PM,1:27 PM,4:39 PM,5:59 PM,7:01 PM,7:19 PM,8:01 PM,8:43 PM
Sha,9/7/24,ד׳ אלול תשפ״ד,,ותן ברכה,פרק א׳,לדוד ה׳ אורי,,שויתי ה׳ לנגדי תמיד,,,פרשת שופטים,Shoftim,דף יומי: בבא בתרא עד,,5:07 AM,5:41 AM,6:31 AM,9:00 AM,9:06 AM,9:42 AM,10:46 AM,12:54 PM,1:27 PM,4:37 PM,5:57 PM,,7:17 PM,7:59 PM,8:41 PM
Sun,9/8/24,ה׳ אלול תשפ״ד,,ותן ברכה,פרק ב׳,לדוד ה׳ אורי,,שויתי ה׳ לנגדי תמיד,,,פרשת כי תצא,,דף יומי: בבא בתרא עה,,5:08 AM,5:42 AM,6:32 AM,9:01 AM,9:06 AM,9:42 AM,10:46 AM,12:53 PM,1:26 PM,4:36 PM,5:56 PM,,7:16 PM,7:57 PM,8:39 PM
Mon,9/9/24,ו׳ אלול תשפ״ד,,ותן ברכה,פרק ב׳,לדוד ה׳ אורי,,שויתי ה׳ לנגדי תמיד,,,פרשת כי תצא,,דף יומי: בבא בתרא עו,,5:10 AM,5:43 AM,6:33 AM,9:01 AM,9:07 AM,9:43 AM,10:46 AM,12:53 PM,1:26 PM,4:35 PM,5:55 PM,,7:14 PM,7:56 PM,8:37 PM
Tue,9/10/24,ז׳ אלול תשפ״ד,,ותן ברכה,פרק ב׳,לדוד ה׳ אורי,,שויתי ה׳ לנגדי תמיד,,,פרשת כי תצא,,דף יומי: בבא בתרא עז,,5:11 AM,5:44 AM,6:34 AM,9:02 AM,9:07 AM,9:43 AM,10:46 AM,12:53 PM,1:25 PM,4:34 PM,5:53 PM,,7:12 PM,7:54 PM,8:35 PM
Wed,9/11/24,ח׳ אלול תשפ״ד,,ותן ברכה,פרק ב׳,לדוד ה׳ אורי,,שויתי ה׳ לנגדי תמיד,,,פרשת כי תצא,,דף יומי: בבא בתרא עח,,5:12 AM,5:45 AM,6:35 AM,9:02 AM,9:07 AM,9:43 AM,10:46 AM,12:52 PM,1:25 PM,4:33 PM,5:52 PM,,7:11 PM,7:52 PM,8:34 PM
Thu,9/12/24,ט׳ אלול תשפ״ד,,ותן ברכה,פרק ב׳,לדוד ה׳ אורי,,שויתי ה׳ לנגדי תמיד,,,פרשת כי תצא,,דף יומי: בבא בתרא עט,,5:13 AM,5:46 AM,6:36 AM,9:02 AM,9:07 AM,9:43 AM,10:46 AM,12:52 PM,1:24 PM,4:32 PM,5:50 PM,,7:09 PM,7:51 PM,8:32 PM
Fri,9/13/24,י׳ אלול תשפ״ד,,ותן ברכה,פרק ב׳,לדוד ה׳ אורי,הדל״נ 6:49 ,שויתי ה׳ לנגדי תמיד,,,פרשת כי תצא,,דף יומי: בבא בתרא פ,,5:14 AM,5:47 AM,6:37 AM,9:03 AM,9:08 AM,9:44 AM,10:46 AM,12:52 PM,1:24 PM,4:31 PM,5:49 PM,6:49 PM,7:07 PM,7:49 PM,8:30 PM
Sha,9/14/24,י״א אלול תשפ״ד,,ותן ברכה,פרק ב׳,לדוד ה׳ אורי,,שויתי ה׳ לנגדי תמיד,,,פרשת כי תצא,Ki Seitzei,דף יומי: בבא בתרא פא,,5:15 AM,5:48 AM,6:38 AM,9:03 AM,9:08 AM,9:44 AM,10:46 AM,12:51 PM,1:23 PM,4:30 PM,5:48 PM,,7:06 PM,7:47 PM,8:28 PM
Sun,9/15/24,י״ב אלול תשפ״ד,,ותן ברכה,פרק ג׳-ד׳,לדוד ה׳ אורי,,שויתי ה׳ לנגדי תמיד,,,פרשת כי תבוא,,דף יומי: בבא בתרא פב,,5:16 AM,5:49 AM,6:39 AM,9:03 AM,9:08 AM,9:44 AM,10:47 AM,12:51 PM,1:23 PM,4:29 PM,5:46 PM,,7:04 PM,7:45 PM,8:26 PM
Mon,9/16/24,י״ג אלול תשפ״ד,,ותן ברכה,פרק ג׳-ד׳,לדוד ה׳ אורי,,שויתי ה׳ לנגדי תמיד,,,פרשת כי תבוא,,דף יומי: בבא בתרא פג,,5:17 AM,5:50 AM,6:40 AM,9:04 AM,9:09 AM,9:45 AM,10:47 AM,12:51 PM,1:23 PM,4:27 PM,5:45 PM,,7:02 PM,7:44 PM,8:25 PM
Tue,9/17/24,י״ד אלול תשפ״ד,,ותן ברכה,פרק ג׳-ד׳,לדוד ה׳ אורי,,שויתי ה׳ לנגדי תמיד,,,פרשת כי תבוא,,דף יומי: בבא בתרא פד,,5:18 AM,5:51 AM,6:41 AM,9:04 AM,9:09 AM,9:45 AM,10:47 AM,12:50 PM,1:22 PM,4:26 PM,5:44 PM,,7:01 PM,7:42 PM,8:23 PM
Wed,9/18/24,ט״ו אלול תשפ״ד,,ותן ברכה,פרק ג׳-ד׳,לדוד ה׳ אורי,,שויתי ה׳ לנגדי תמיד,,,פרשת כי תבוא,,דף יומי: בבא בתרא פה,,5:19 AM,5:52 AM,6:42 AM,9:05 AM,9:09 AM,9:45 AM,10:47 AM,12:50 PM,1:22 PM,4:25 PM,5:42 PM,,6:59 PM,7:40 PM,8:21 PM
Thu,9/19/24,ט״ז אלול תשפ״ד,,ותן ברכה,פרק ג׳-ד׳,לדוד ה׳ אורי,,שויתי ה׳ לנגדי תמיד,,,פרשת כי תבוא,,דף יומי: בבא בתרא פו,,5:21 AM,5:53 AM,6:43 AM,9:05 AM,9:10 AM,9:46 AM,10:47 AM,12:49 PM,1:21 PM,4:24 PM,5:41 PM,,6:57 PM,7:39 PM,8:19 PM
Fri,9/20/24,י״ז אלול תשפ״ד,,ותן ברכה,פרק ג׳-ד׳,לדוד ה׳ אורי,הדל״נ 6:38 ,שויתי ה׳ לנגדי תמיד,,,פרשת כי תבוא,,דף יומי: בבא בתרא פז,,5:22 AM,5:54 AM,6:44 AM,9:05 AM,9:10 AM,9:46 AM,10:47 AM,12:49 PM,1:21 PM,4:23 PM,5:39 PM,6:38 PM,6:56 PM,7:37 PM,8:18 PM
Sha,9/21/24,י״ח אלול תשפ״ד,,ותן ברכה,פרק ג׳-ד׳,לדוד ה׳ אורי,,שויתי ה׳ לנגדי תמיד,,,פרשת כי תבוא,Ki Savo,דף יומי: בבא בתרא פח,,5:23 AM,5:55 AM,6:44 AM,9:06 AM,9:10 AM,9:46 AM,10:47 AM,12:49 PM,1:20 PM,4:22 PM,5:38 PM,,6:54 PM,7:35 PM,8:16 PM
Sun,9/22/24,י״ט אלול תשפ״ד,,ותן ברכה,פרק ה׳-ו׳,לדוד ה׳ אורי,,שויתי ה׳ לנגדי תמיד,,,פרשת נצבים-וילך,,דף יומי: בבא בתרא פט,,5:24 AM,5:56 AM,6:45 AM,9:06 AM,9:10 AM,9:46 AM,10:47 AM,12:48 PM,1:20 PM,4:21 PM,5:37 PM,,6:52 PM,7:34 PM,8:14 PM
Mon,9/23/24,כ׳ אלול תשפ״ד,,ותן ברכה,פרק ה׳-ו׳,לדוד ה׳ אורי,,שויתי ה׳ לנגדי תמיד,,,פרשת נצבים-וילך,,דף יומי: בבא בתרא צ,,5:25 AM,5:57 AM,6:46 AM,9:06 AM,9:11 AM,9:47 AM,10:47 AM,12:48 PM,1:19 PM,4:20 PM,5:35 PM,,6:51 PM,7:32 PM,8:12 PM
Tue,9/24/24,כ״א אלול תשפ״ד,,ותן ברכה,פרק ה׳-ו׳,לדוד ה׳ אורי,,שויתי ה׳ לנגדי תמיד,,,פרשת נצבים-וילך,,דף יומי: בבא בתרא צא,,5:26 AM,5:58 AM,6:47 AM,9:07 AM,9:11 AM,9:47 AM,10:47 AM,12:48 PM,1:19 PM,4:19 PM,5:34 PM,,6:49 PM,7:30 PM,8:11 PM
Wed,9/25/24,כ״ב אלול תשפ״ד,,ותן ברכה,פרק ה׳-ו׳,לדוד ה׳ אורי,,שויתי ה׳ לנגדי תמיד,,,פרשת נצבים-וילך,,דף יומי: בבא בתרא צב,,5:27 AM,5:59 AM,6:48 AM,9:07 AM,9:11 AM,9:47 AM,10:47 AM,12:47 PM,1:18 PM,4:17 PM,5:32 PM,,6:47 PM,7:29 PM,8:09 PM
Thu,9/26/24,כ״ג אלול תשפ״ד,,ותן ברכה,פרק ה׳-ו׳,לדוד ה׳ אורי,,שויתי ה׳ לנגדי תמיד,,,פרשת נצבים-וילך,,דף יומי: בבא בתרא צג,,5:28 AM,6:00 AM,6:49 AM,9:07 AM,9:12 AM,9:48 AM,10:47 AM,12:47 PM,1:18 PM,4:16 PM,5:31 PM,,6:46 PM,7:27 PM,8:07 PM
Fri,9/27/24,כ״ד אלול תשפ״ד,,ותן ברכה,פרק ה׳-ו׳,לדוד ה׳ אורי,הדל״נ 6:26 ,שויתי ה׳ לנגדי תמיד,,,פרשת נצבים-וילך,,דף יומי: בבא בתרא צד,,5:29 AM,6:01 AM,6:50 AM,9:08 AM,9:12 AM,9:48 AM,10:48 AM,12:47 PM,1:18 PM,4:15 PM,5:30 PM,6:26 PM,6:44 PM,7:25 PM,8:05 PM
Sha,9/28/24,כ״ה אלול תשפ״ד,,ותן ברכה,פרק ה׳-ו׳,לדוד ה׳ אורי,,שויתי ה׳ לנגדי תמיד,,,פרשת נצבים-וילך,Nitzavim-Vayelech,דף יומי: בבא בתרא צה,,5:30 AM,6:02 AM,6:51 AM,9:08 AM,9:12 AM,9:48 AM,10:48 AM,12:46 PM,1:17 PM,4:14 PM,5:28 PM,,6:43 PM,7:24 PM,8:04 PM
Sun,9/29/24,כ״ו אלול תשפ״ד,,ותן ברכה,,לדוד ה׳ אורי,,שויתי ה׳ לנגדי תמיד,,,פרשת האזינו,,דף יומי: בבא בתרא צו,,5:31 AM,6:03 AM,6:52 AM,9:08 AM,9:13 AM,9:49 AM,10:48 AM,12:46 PM,1:17 PM,4:13 PM,5:27 PM,,6:41 PM,7:22 PM,8:02 PM
Mon,9/30/24,כ״ז אלול תשפ״ד,,ותן ברכה,,לדוד ה׳ אורי,,שויתי ה׳ לנגדי תמיד,,,פרשת האזינו,,דף יומי: בבא בתרא צז,,5:32 AM,6:04 AM,6:53 AM,9:09 AM,9:13 AM,9:49 AM,10:48 AM,12:46 PM,1:17 PM,4:12 PM,5:26 PM,,6:39 PM,7:20 PM,8:00 PM
Tue,10/1/24,כ״ח אלול תשפ״ד,,ותן ברכה,,לדוד ה׳ אורי,,שויתי ה׳ לנגדי תמיד,,,פרשת האזינו,,דף יומי: בבא בתרא צח,,5:33 AM,6:05 AM,6:54 AM,9:09 AM,9:13 AM,9:49 AM,10:48 AM,12:45 PM,1:16 PM,4:11 PM,5:24 PM,,6:38 PM,7:19 PM,7:59 PM
Wed,10/2/24,כ״ט אלול תשפ״ד,ערב ראש השנה,ותן ברכה,,לדוד ה׳ אורי,הדל״נ 6:18 ,שויתי ה׳ לנגדי תמיד,,Erev Rosh Hashanah,פרשת האזינו,,דף יומי: בבא בתרא צט,,5:34 AM,6:06 AM,6:55 AM,9:10 AM,9:14 AM,9:50 AM,10:48 AM,12:45 PM,1:16 PM,4:10 PM,5:23 PM,6:18 PM,6:36 PM,7:17 PM,7:57 PM
Thu,10/3/24,א׳ תשרי תשפ״ה,ראש השנה,ותן ברכה,המלך הקדוש,לדוד ה׳ אורי,,שויתי ה׳ לנגדי תמיד,,Rosh Hashanah,פרשת האזינו,,דף יומי: בבא בתרא ק,,5:35 AM,6:07 AM,6:56 AM,9:10 AM,9:14 AM,9:50 AM,10:48 AM,12:45 PM,1:16 PM,4:09 PM,5:22 PM,,6:34 PM,7:16 PM,7:55 PM
Fri,10/4/24,ב׳ תשרי תשפ״ה,ראש השנה,ותן ברכה,המלך הקדוש,לדוד ה׳ אורי,הדל״נ 6:15 ,שויתי ה׳ לנגדי תמיד,,Rosh Hashanah,פרשת האזינו,,דף יומי: בבא בתרא קא,,5:36 AM,6:08 AM,6:57 AM,9:10 AM,9:14 AM,9:50 AM,10:48 AM,12:44 PM,1:15 PM,4:08 PM,5:20 PM,6:15 PM,6:33 PM,7:14 PM,7:54 PM
Sha,10/5/24,ג׳ תשרי תשפ״ה,,ותן ברכה,המלך הקדוש,לדוד ה׳ אורי,,שויתי ה׳ לנגדי תמיד,,,פרשת האזינו,Ha'azinu,דף יומי: בבא בתרא קב,,5:37 AM,6:09 AM,6:58 AM,9:11 AM,9:15 AM,9:51 AM,10:49 AM,12:44 PM,1:15 PM,4:07 PM,5:19 PM,,6:31 PM,7:12 PM,7:52 PM
Sun,10/6/24,ד׳ תשרי תשפ״ה,צום גדליה,ותן ברכה,המלך הקדוש,לדוד ה׳ אורי,,שויתי ה׳ לנגדי תמיד,,Tzom Gedaliah,פרשת בראשית,,דף יומי: בבא בתרא קג,,5:38 AM,6:10 AM,6:59 AM,9:11 AM,9:15 AM,9:51 AM,10:49 AM,12:44 PM,1:15 PM,4:06 PM,5:18 PM,,6:30 PM,7:11 PM,7:51 PM
Mon,10/7/24,ה׳ תשרי תשפ״ה,,ותן ברכה,המלך הקדוש,לדוד ה׳ אורי,,שויתי ה׳ לנגדי תמיד,,,פרשת בראשית,,דף יומי: בבא בתרא קד,,5:39 AM,6:11 AM,7:00 AM,9:11 AM,9:15 AM,9:51 AM,10:49 AM,12:44 PM,1:15 PM,4:05 PM,5:16 PM,,6:28 PM,7:09 PM,7:49 PM
Tue,10/8/24,ו׳ תשרי תשפ״ה,,ותן ברכה,המלך הקדוש,לדוד ה׳ אורי,,שויתי ה׳ לנגדי תמיד,,,פרשת בראשית,,דף יומי: בבא בתרא קה,,5:40 AM,6:12 AM,7:01 AM,9:12 AM,9:16 AM,9:52 AM,10:49 AM,12:43 PM,1:14 PM,4:04 PM,5:15 PM,,6:26 PM,7:08 PM,7:47 PM
Wed,10/9/24,ז׳ תשרי תשפ״ה,,ותן ברכה,המלך הקדוש,לדוד ה׳ אורי,,שויתי ה׳ לנגדי תמיד,,,פרשת בראשית,,דף יומי: בבא בתרא קו,,5:41 AM,6:13 AM,7:02 AM,9:12 AM,9:16 AM,9:52 AM,10:49 AM,12:43 PM,1:14 PM,4:02 PM,5:14 PM,,6:25 PM,7:06 PM,7:46 PM
Thu,10/10/24,ח׳ תשרי תשפ״ה,,ותן ברכה,המלך הקדוש,לדוד ה׳ אורי,,שויתי ה׳ לנגדי תמיד,,,פרשת בראשית,,דף יומי: בבא בתרא קז,,5:42 AM,6:14 AM,7:03 AM,9:12 AM,9:17 AM,9:53 AM,10:49 AM,12:43 PM,1:14 PM,4:01 PM,5:12 PM,,6:23 PM,7:05 PM,7:44 PM
Fri,10/11/24,ט׳ תשרי תשפ״ה,ערב יום כיפור,ותן ברכה,המלך הקדוש,לדוד ה׳ אורי,הדל״נ 6:04 ,שויתי ה׳ לנגדי תמיד,,Erev Yom Kippur,פרשת בראשית,,דף יומי: בבא בתרא קח,,5:43 AM,6:15 AM,7:04 AM,9:13 AM,9:17 AM,9:53 AM,10:49 AM,12:43 PM,1:14 PM,4:00 PM,5:11 PM,6:04 PM,6:22 PM,7:03 PM,7:43 PM
Sha,10/12/24,י׳ תשרי תשפ״ה,יום כיפור,ותן ברכה,המלך הקדוש,לדוד ה׳ אורי,,שויתי ה׳ לנגדי תמיד,,Yom Kippur,פרשת בראשית,,דף יומי: בבא בתרא קט,,5:44 AM,6:16 AM,7:05 AM,9:13 AM,9:17 AM,9:53 AM,10:50 AM,12:42 PM,1:13 PM,3:59 PM,5:10 PM,,6:20 PM,7:02 PM,7:41 PM
Sun,10/13/24,י״א תשרי תשפ״ה,,ותן ברכה,א״א תחנון,לדוד ה׳ אורי,,שויתי ה׳ לנגדי תמיד,,,פרשת בראשית,,דף יומי: בבא בתרא קי,,5:45 AM,6:17 AM,7:06 AM,9:14 AM,9:18 AM,9:54 AM,10:50 AM,12:42 PM,1:13 PM,3:58 PM,5:09 PM,,6:19 PM,7:00 PM,7:40 PM
Mon,10/14/24,י״ב תשרי תשפ״ה,,ותן ברכה,א״א תחנון,לדוד ה׳ אורי,,שויתי ה׳ לנגדי תמיד,,,פרשת בראשית,,דף יומי: בבא בתרא קיא,,5:46 AM,6:18 AM,7:07 AM,9:14 AM,9:18 AM,9:54 AM,10:50 AM,12:42 PM,1:13 PM,3:58 PM,5:07 PM,,6:17 PM,6:59 PM,7:38 PM
Tue,10/15/24,י״ג תשרי תשפ״ה,,ותן ברכה,א״א תחנון,לדוד ה׳ אורי,,שויתי ה׳ לנגדי תמיד,,,פרשת בראשית,,דף יומי: בבא בתרא קיב,,5:47 AM,6:19 AM,7:08 AM,9:14 AM,9:19 AM,9:55 AM,10:50 AM,12:42 PM,1:13 PM,3:57 PM,5:06 PM,,6:16 PM,6:57 PM,7:37 PM
Wed,10/16/24,י״ד תשרי תשפ״ה,ערב סוכות,ותן ברכה,א״א תחנון,לדוד ה׳ אורי,הדל״נ 5:56 ,שויתי ה׳ לנגדי תמיד,,Erev Sukkos,פרשת בראשית,,דף יומי: בבא בתרא קיג,,5:48 AM,6:20 AM,7:10 AM,9:15 AM,9:19 AM,9:55 AM,10:50 AM,12:41 PM,1:12 PM,3:56 PM,5:05 PM,5:56 PM,6:14 PM,6:56 PM,7:36 PM
Thu,10/17/24,ט״ו תשרי תשפ״ה,סוכות,ותן ברכה,א״א תחנון,לדוד ה׳ אורי,,שויתי ה׳ לנגדי תמיד,,Sukkos,פרשת בראשית,,דף יומי: בבא בתרא קיד,,5:49 AM,6:21 AM,7:11 AM,9:15 AM,9:19 AM,9:55 AM,10:51 AM,12:41 PM,1:12 PM,3:55 PM,5:04 PM,,6:13 PM,6:54 PM,7:34 PM
Fri,10/18/24,ט״ז תשרי תשפ״ה,סוכות,ותן ברכה,א״א תחנון,לדוד ה׳ אורי,הדל״נ 5:53 ,שויתי ה׳ לנגדי תמיד,,Sukkos,פרשת בראשית,,דף יומי: בבא בתרא קטו,,5:50 AM,6:22 AM,7:12 AM,9:16 AM,9:20 AM,9:56 AM,10:51 AM,12:41 PM,1:12 PM,3:54 PM,5:03 PM,5:53 PM,6:11 PM,6:53 PM,7:33 PM
Sha,10/19/24,י״ז תשרי תשפ״ה,שבת חול המועד,ותן ברכה,יעלה ויבא,לדוד ה׳ אורי,,שויתי ה׳ לנגדי תמיד,,Shabbos Chol HaMoed,פרשת בראשית,,דף יומי: בבא בתרא קטז,,5:51 AM,6:23 AM,7:13 AM,9:16 AM,9:20 AM,9:56 AM,10:51 AM,12:41 PM,1:12 PM,3:53 PM,5:01 PM,,6:10 PM,6:52 PM,7:31 PM
Sun,10/20/24,י״ח תשרי תשפ״ה,חול המועד,ותן ברכה,יעלה ויבא,לדוד ה׳ אורי,,שויתי ה׳ לנגדי תמיד,,Chol HaMoed,פרשת בראשית,,דף יומי: בבא בתרא קיז,,5:52 AM,6:24 AM,7:14 AM,9:16 AM,9:21 AM,9:57 AM,10:51 AM,12:41 PM,1:12 PM,3:52 PM,5:00 PM,,6:09 PM,6:50 PM,7:30 PM
Mon,10/21/24,י״ט תשרי תשפ״ה,חול המועד,ותן ברכה,יעלה ויבא,לדוד ה׳ אורי,,שויתי ה׳ לנגדי תמיד,,Chol HaMoed,פרשת בראשית,,דף יומי: בבא בתרא קיח,,5:53 AM,6:25 AM,7:15 AM,9:17 AM,9:21 AM,9:57 AM,10:52 AM,12:41 PM,1:12 PM,3:51 PM,4:59 PM,,6:07 PM,6:49 PM,7:29 PM
Tue,10/22/24,כ׳ תשרי תשפ״ה,חול המועד,ותן ברכה,יעלה ויבא,לדוד ה׳ אורי,,שויתי ה׳ לנגדי תמיד,,Chol HaMoed,פרשת בראשית,,דף יומי: בבא בתרא קיט,,5:54 AM,6:26 AM,7:16 AM,9:17 AM,9:22 AM,9:58 AM,10:52 AM,12:40 PM,1:11 PM,3:50 PM,4:58 PM,,6:06 PM,6:48 PM,7:27 PM
Wed,10/23/24,כ״א תשרי תשפ״ה,הושענא רבה,ותן ברכה,יעלה ויבא,לדוד ה׳ אורי,הדל״נ 5:46 ,שויתי ה׳ לנגדי תמיד,,Hoshanah Rabbah,פרשת בראשית,,דף יומי: בבא בתרא קכ,,5:55 AM,6:27 AM,7:17 AM,9:18 AM,9:22 AM,9:58 AM,10:52 AM,12:40 PM,1:11 PM,3:49 PM,4:57 PM,5:46 PM,6:04 PM,6:46 PM,7:26 PM
Thu,10/24/24,כ״ב תשרי תשפ״ה,שמיני עצרת,ותן ברכה,יעלה ויבא,לדוד ה׳ אורי,,שויתי ה׳ לנגדי תמיד,,Shmini Atzeres,פרשת בראשית,,דף יומי: בבא בתרא קכא,,5:56 AM,6:28 AM,7:18 AM,9:18 AM,9:23 AM,9:59 AM,10:52 AM,12:40 PM,1:11 PM,3:49 PM,4:56 PM,,6:03 PM,6:45 PM,7:25 PM
Fri,10/25/24,כ״ג תשרי תשפ״ה,שמחת תורה,משיב הרוח,ותן ברכה,יעלה ויבא,הדל״נ 5:44 ,שויתי ה׳ לנגדי תמיד,,Simchas Torah,פרשת בראשית,,דף יומי: בבא בתרא קכב,,5:57 AM,6:29 AM,7:19 AM,9:19 AM,9:23 AM,9:59 AM,10:53 AM,12:40 PM,1:11 PM,3:48 PM,4:55 PM,5:44 PM,6:02 PM,6:44 PM,7:24 PM
Sha,10/26/24,כ״ד תשרי תשפ״ה,אסרו חג,משיב הרוח,ותן ברכה,א״א תחנון,,שויתי ה׳ לנגדי תמיד,,Isru Chag,פרשת בראשית,Bereishis,דף יומי: בבא בתרא קכג,,5:58 AM,6:30 AM,7:20 AM,9:19 AM,9:24 AM,10:00 AM,10:53 AM,12:40 PM,1:11 PM,3:47 PM,4:54 PM,,6:00 PM,6:43 PM,7:23 PM
Sun,10/27/24,כ״ה תשרי תשפ״ה,,משיב הרוח,ותן ברכה,,,שויתי ה׳ לנגדי תמיד,,,פרשת נח,,דף יומי: בבא בתרא קכד,,5:59 AM,6:31 AM,7:22 AM,9:20 AM,9:24 AM,10:00 AM,10:53 AM,12:40 PM,1:11 PM,3:46 PM,4:53 PM,,5:59 PM,6:41 PM,7:21 PM
Mon,10/28/24,כ״ו תשרי תשפ״ה,,משיב הרוח,ותן ברכה,,,שויתי ה׳ לנגדי תמיד,,,פרשת נח,,דף יומי: בבא בתרא קכה,,6:00 AM,6:32 AM,7:23 AM,9:20 AM,9:25 AM,10:01 AM,10:54 AM,12:40 PM,1:11 PM,3:45 PM,4:52 PM,,5:58 PM,6:40 PM,7:20 PM
Tue,10/29/24,כ״ז תשרי תשפ״ה,,משיב הרוח,ותן ברכה,,,שויתי ה׳ לנגדי תמיד,,,פרשת נח,,דף יומי: בבא בתרא קכו,,6:01 AM,6:33 AM,7:24 AM,9:20 AM,9:25 AM,10:01 AM,10:54 AM,12:40 PM,1:11 PM,3:45 PM,4:51 PM,,5:57 PM,6:39 PM,7:19 PM
Wed,10/30/24,כ״ח תשרי תשפ״ה,,משיב הרוח,ותן ברכה,,,שויתי ה׳ לנגדי תמיד,,,פרשת נח,,דף יומי: בבא בתרא קכז,,6:02 AM,6:34 AM,7:25 AM,9:21 AM,9:26 AM,10:02 AM,10:54 AM,12:40 PM,1:11 PM,3:44 PM,4:50 PM,,5:55 PM,6:38 PM,7:18 PM
Thu,10/31/24,כ״ט תשרי תשפ״ה,,משיב הרוח,ותן ברכה,,,שויתי ה׳ לנגדי תמיד,,,פרשת נח,,דף יומי: בבא בתרא קכח,,6:03 AM,6:35 AM,7:26 AM,9:21 AM,9:26 AM,10:02 AM,10:55 AM,12:40 PM,1:11 PM,3:43 PM,4:49 PM,,5:54 PM,6:37 PM,7:17 PM
Fri,11/1/24,ל׳ תשרי תשפ״ה,ראש חודש חשון,משיב הרוח,ותן ברכה,יעלה ויבא,הדל״נ 5:35 ,שויתי ה׳ לנגדי תמיד,,Rosh Chodesh,פרשת נח,,דף יומי: בבא בתרא קכט,,6:04 AM,6:36 AM,7:27 AM,9:22 AM,9:27 AM,10:03 AM,10:55 AM,12:40 PM,1:11 PM,3:42 PM,4:48 PM,5:35 PM,5:53 PM,6:36 PM,7:16 PM
Sha,11/2/24,א׳ חשון תשפ״ה,ראש חודש חשון,משיב הרוח,ותן ברכה,יעלה ויבא,,שויתי ה׳ לנגדי תמיד,,Rosh Chodesh,פרשת נח,Noach,דף יומי: בבא בתרא קל,,6:05 AM,6:38 AM,7:28 AM,9:22 AM,9:27 AM,10:03 AM,10:56 AM,12:40 PM,1:11 PM,3:42 PM,4:47 PM,,5:52 PM,6:35 PM,7:15 PM
Sun,11/3/24,ב׳ חשון תשפ״ה,,משיב הרוח,ותן ברכה,,,שויתי ה׳ לנגדי תמיד,,,פרשת לך לך,,דף יומי: בבא בתרא קלא,,5:06 AM,5:39 AM,6:29 AM,8:23 AM,8:28 AM,9:04 AM,9:56 AM,11:40 AM,12:11 PM,2:41 PM,3:46 PM,,4:51 PM,5:34 PM,6:14 PM
Mon,11/4/24,ג׳ חשון תשפ״ה,,משיב הרוח,ותן ברכה,,,שויתי ה׳ לנגדי תמיד,,,פרשת לך לך,,דף יומי: בבא בתרא קלב,,5:07 AM,5:40 AM,6:31 AM,8:23 AM,8:29 AM,9:05 AM,9:56 AM,11:40 AM,12:11 PM,2:40 PM,3:45 PM,,4:50 PM,5:33 PM,6:13 PM
Tue,11/5/24,ד׳ חשון תשפ״ה,,משיב הרוח,ותן ברכה,,,שויתי ה׳ לנגדי תמיד,,,פרשת לך לך,,דף יומי: בבא בתרא קלג,,5:08 AM,5:41 AM,6:32 AM,8:24 AM,8:29 AM,9:05 AM,9:57 AM,11:40 AM,12:11 PM,2:40 PM,3:44 PM,,4:49 PM,5:32 PM,6:12 PM
Wed,11/6/24,ה׳ חשון תשפ״ה,,משיב הרוח,ותן ברכה,,,שויתי ה׳ לנגדי תמיד,,,פרשת לך לך,,דף יומי: בבא בתרא קלד,,5:09 AM,5:42 AM,6:33 AM,8:25 AM,8:30 AM,9:06 AM,9:57 AM,11:40 AM,12:11 PM,2:39 PM,3:43 PM,,4:48 PM,5:31 PM,6:11 PM
Thu,11/7/24,ו׳ חשון תשפ״ה,,משיב הרוח,ותן ברכה,,,שויתי ה׳ לנגדי תמיד,,,פרשת לך לך,,דף יומי: בבא בתרא קלה,,5:10 AM,5:43 AM,6:34 AM,8:25 AM,8:30 AM,9:06 AM,9:58 AM,11:40 AM,12:11 PM,2:39 PM,3:43 PM,,4:47 PM,5:30 PM,6:10 PM
Fri,11/8/24,ז׳ חשון תשפ״ה,,משיב הרוח,ותן ברכה,,הדל״נ 4:28 ,שויתי ה׳ לנגדי תמיד,,,פרשת לך לך,,דף יומי: בבא בתרא קלו,,5:11 AM,5:44 AM,6:35 AM,8:26 AM,8:31 AM,9:07 AM,9:58 AM,11:40 AM,12:11 PM,2:38 PM,3:42 PM,4:28 PM,4:46 PM,5:29 PM,6:09 PM
Sha,11/9/24,ח׳ חשון תשפ״ה,,משיב הרוח,ותן ברכה,,,שויתי ה׳ לנגדי תמיד,,,פרשת לך לך,Lech Lecha,דף יומי: בבא בתרא קלז,,5:12 AM,5:45 AM,6:36 AM,8:26 AM,8:32 AM,9:08 AM,9:58 AM,11:40 AM,12:11 PM,2:38 PM,3:41 PM,,4:45 PM,5:28 PM,6:09 PM
Sun,11/10/24,ט׳ חשון תשפ״ה,,משיב הרוח,ותן ברכה,,,שויתי ה׳ לנגדי תמיד,,,פרשת וירא,,דף יומי: בבא בתרא קלח,,5:13 AM,5:46 AM,6:38 AM,8:27 AM,8:32 AM,9:08 AM,9:59 AM,11:40 AM,12:11 PM,2:37 PM,3:40 PM,,4:44 PM,5:27 PM,6:08 PM
Mon,11/11/24,י׳ חשון תשפ״ה,,משיב הרוח,ותן ברכה,,,שויתי ה׳ לנגדי תמיד,,,פרשת וירא,,דף יומי: בבא בתרא קלט,,5:14 AM,5:47 AM,6:39 AM,8:27 AM,8:33 AM,9:09 AM,9:59 AM,11:40 AM,12:11 PM,2:37 PM,3:40 PM,,4:43 PM,5:26 PM,6:07 PM
Tue,11/12/24,י״א חשון תשפ״ה,,משיב הרוח,ותן ברכה,,,שויתי ה׳ לנגדי תמיד,,,פרשת וירא,,דף יומי: בבא בתרא קמ,,5:15 AM,5:48 AM,6:40 AM,8:28 AM,8:34 AM,9:10 AM,10:00 AM,11:40 AM,12:11 PM,2:36 PM,3:39 PM,,4:42 PM,5:25 PM,6:06 PM
Wed,11/13/24,י״ב חשון תשפ״ה,,משיב הרוח,ותן ברכה,,,שויתי ה׳ לנגדי תמיד,,,פרשת וירא,,דף יומי: בבא בתרא קמא,,5:16 AM,5:49 AM,6:41 AM,8:28 AM,8:34 AM,9:10 AM,10:00 AM,11:40 AM,12:11 PM,2:36 PM,3:38 PM,,4:41 PM,5:25 PM,6:06 PM
Thu,11/14/24,י״ג חשון תשפ״ה,,משיב הרוח,ותן ברכה,,,שויתי ה׳ לנגדי תמיד,,,פרשת וירא,,דף יומי: בבא בתרא קמב,,5:17 AM,5:50 AM,6:42 AM,8:29 AM,8:35 AM,9:11 AM,10:01 AM,11:41 AM,12:12 PM,2:35 PM,3:38 PM,,4:40 PM,5:24 PM,6:05 PM
Fri,11/15/24,י״ד חשון תשפ״ה,,משיב הרוח,ותן ברכה,,הדל״נ 4:21 ,שויתי ה׳ לנגדי תמיד,,,פרשת וירא,,דף יומי: בבא בתרא קמג,,5:18 AM,5:51 AM,6:43 AM,8:30 AM,8:36 AM,9:12 AM,10:01 AM,11:41 AM,12:12 PM,2:35 PM,3:37 PM,4:21 PM,4:39 PM,5:23 PM,6:04 PM
Sha,11/16/24,ט״ו חשון תשפ״ה,,משיב הרוח,ותן ברכה,,,שויתי ה׳ לנגדי תמיד,,,פרשת וירא,Vayeira,דף יומי: בבא בתרא קמד,,5:19 AM,5:52 AM,6:44 AM,8:30 AM,8:36 AM,9:12 AM,10:02 AM,11:41 AM,12:12 PM,2:35 PM,3:37 PM,,4:39 PM,5:23 PM,6:04 PM
Sun,11/17/24,ט״ז חשון תשפ״ה,,משיב הרוח,ותן ברכה,,,שויתי ה׳ לנגדי תמיד,,,פרשת חיי שרה,,דף יומי: בבא בתרא קמה,,5:20 AM,5:53 AM,6:46 AM,8:31 AM,8:37 AM,9:13 AM,10:02 AM,11:41 AM,12:12 PM,2:34 PM,3:36 PM,,4:38 PM,5:22 PM,6:03 PM
Mon,11/18/24,י״ז חשון תשפ״ה,,משיב הרוח,ותן ברכה,,,שויתי ה׳ לנגדי תמיד,,,פרשת חיי שרה,,דף יומי: בבא בתרא קמו,,5:21 AM,5:54 AM,6:47 AM,8:31 AM,8:38 AM,9:14 AM,10:03 AM,11:41 AM,12:12 PM,2:34 PM,3:36 PM,,4:37 PM,5:21 PM,6:02 PM
Tue,11/19/24,י״ח חשון תשפ״ה,,משיב הרוח,ותן ברכה,,,שויתי ה׳ לנגדי תמיד,,,פרשת חיי שרה,,דף יומי: בבא בתרא קמז,,5:22 AM,5:55 AM,6:48 AM,8:32 AM,8:38 AM,9:14 AM,10:03 AM,11:42 AM,12:13 PM,2:34 PM,3:35 PM,,4:36 PM,5:21 PM,6:02 PM
Wed,11/20/24,י״ט חשון תשפ״ה,,משיב הרוח,ותן ברכה,,,שויתי ה׳ לנגדי תמיד,,,פרשת חיי שרה,,דף יומי: בבא בתרא קמח,,5:23 AM,5:56 AM,6:49 AM,8:33 AM,8:39 AM,9:15 AM,10:04 AM,11:42 AM,12:13 PM,2:33 PM,3:35 PM,,4:36 PM,5:20 PM,6:02 PM
Thu,11/21/24,כ׳ חשון תשפ״ה,,משיב הרוח,ותן ברכה,,,שויתי ה׳ לנגדי תמיד,,,פרשת חיי שרה,,דף יומי: בבא בתרא קמט,,5:24 AM,5:57 AM,6:50 AM,8:33 AM,8:40 AM,9:16 AM,10:04 AM,11:42 AM,12:13 PM,2:33 PM,3:34 PM,,4:35 PM,5:20 PM,6:01 PM
Fri,11/22/24,כ״א חשון תשפ״ה,,משיב הרוח,ותן ברכה,,הדל״נ 4:17 ,שויתי ה׳ לנגדי תמיד,,,פרשת חיי שרה,,דף יומי: בבא בתרא קנ,,5:25 AM,5:58 AM,6:51 AM,8:34 AM,8:40 AM,9:16 AM,10:05 AM,11:42 AM,12:13 PM,2:33 PM,3:34 PM,4:17 PM,4:35 PM,5:19 PM,6:01 PM
Sha,11/23/24,כ״ב חשון תשפ״ה,,משיב הרוח,ותן ברכה,,,שויתי ה׳ לנגדי תמיד,,,פרשת חיי שרה,Chayei Sarah,דף יומי: בבא בתרא קנא,,5:26 AM,5:59 AM,6:52 AM,8:34 AM,8:41 AM,9:17 AM,10:06 AM,11:43 AM,12:14 PM,2:33 PM,3:33 PM,,4:34 PM,5:19 PM,6:00 PM
Sun,11/24/24,כ״ג חשון תשפ״ה,,משיב הרוח,ותן ברכה,,,שויתי ה׳ לנגדי תמיד,,,פרשת תולדות,,דף יומי: בבא בתרא קנב,,5:27 AM,6:00 AM,6:53 AM,8:35 AM,8:42 AM,9:18 AM,10:06 AM,11:43 AM,12:14 PM,2:33 PM,3:33 PM,,4:34 PM,5:18 PM,6:00 PM
Mon,11/25/24,כ״ד חשון תשפ״ה,,משיב הרוח,ותן ברכה,,,שויתי ה׳ לנגדי תמיד,,,פרשת תולדות,,דף יומי: בבא בתרא קנג,,5:28 AM,6:01 AM,6:54 AM,8:36 AM,8:42 AM,9:18 AM,10:07 AM,11:43 AM,12:14 PM,2:32 PM,3:33 PM,,4:33 PM,5:18 PM,6:00 PM
Tue,11/26/24,כ״ה חשון תשפ״ה,,משיב הרוח,ותן ברכה,,,שויתי ה׳ לנגדי תמיד,,,פרשת תולדות,,דף יומי: בבא בתרא קנד,,5:29 AM,6:02 AM,6:56 AM,8:36 AM,8:43 AM,9:19 AM,10:07 AM,11:44 AM,12:15 PM,2:32 PM,3:33 PM,,4:33 PM,5:18 PM,5:59 PM
Wed,11/27/24,כ״ו חשון תשפ״ה,,משיב הרוח,ותן ברכה,,,שויתי ה׳ לנגדי תמיד,,,פרשת תולדות,,דף יומי: בבא בתרא קנה,,5:30 AM,6:03 AM,6:57 AM,8:37 AM,8:44 AM,9:20 AM,10:08 AM,11:44 AM,12:15 PM,2:32 PM,3:32 PM,,4:32 PM,5:17 PM,5:59 PM
Thu,11/28/24,כ״ז חשון תשפ״ה,,משיב הרוח,ותן ברכה,,,שויתי ה׳ לנגדי תמיד,,,פרשת תולדות,,דף יומי: בבא בתרא קנו,,5:31 AM,6:04 AM,6:58 AM,8:38 AM,8:44 AM,9:20 AM,10:08 AM,11:44 AM,12:15 PM,2:32 PM,3:32 PM,,4:32 PM,5:17 PM,5:59 PM
Fri,11/29/24,כ״ח חשון תשפ״ה,,משיב הרוח,ותן ברכה,,הדל״נ 4:14 ,שויתי ה׳ לנגדי תמיד,,,פרשת תולדות,,דף יומי: בבא בתרא קנז,,5:32 AM,6:05 AM,6:59 AM,8:38 AM,8:45 AM,9:21 AM,10:09 AM,11:45 AM,12:16 PM,2:32 PM,3:32 PM,4:14 PM,4:32 PM,5:17 PM,5:59 PM
Sha,11/30/24,כ״ט חשון תשפ״ה,,משיב הרוח,ותן ברכה,,,שויתי ה׳ לנגדי תמיד,,,פרשת תולדות,Toldos,דף יומי: בבא בתרא קנח,,5:33 AM,6:06 AM,7:00 AM,8:39 AM,8:46 AM,9:22 AM,10:10 AM,11:45 AM,12:16 PM,2:32 PM,3:32 PM,,4:31 PM,5:17 PM,5:59 PM
Sun,12/1/24,ל׳ חשון תשפ״ה,ראש חודש כסלו,משיב הרוח,ותן ברכה,יעלה ויבא,,שויתי ה׳ לנגדי תמיד,,Rosh Chodesh,פרשת ויצא,,דף יומי: בבא בתרא קנט,,5:34 AM,6:07 AM,7:01 AM,8:39 AM,8:47 AM,9:23 AM,10:10 AM,11:45 AM,12:16 PM,2:32 PM,3:32 PM,,4:31 PM,5:17 PM,5:58 PM
Mon,12/2/24,א׳ כסלו תשפ״ה,ראש חודש כסלו,משיב הרוח,ותן ברכה,יעלה ויבא,,שויתי ה׳ לנגדי תמיד,,Rosh Chodesh,פרשת ויצא,,דף יומי: בבא בתרא קס,,5:34 AM,6:08 AM,7:02 AM,8:40 AM,8:47 AM,9:23 AM,10:11 AM,11:46 AM,12:17 PM,2:32 PM,3:32 PM,,4:31 PM,5:16 PM,5:58 PM
Tue,12/3/24,ב׳ כסלו תשפ״ה,,משיב הרוח,ותן ברכה,,,שויתי ה׳ לנגדי תמיד,,,פרשת ויצא,,דף יומי: בבא בתרא קסא,,5:35 AM,6:09 AM,7:03 AM,8:41 AM,8:48 AM,9:24 AM,10:11 AM,11:46 AM,12:17 PM,2:32 PM,3:32 PM,,4:31 PM,5:16 PM,5:58 PM
Wed,12/4/24,ג׳ כסלו תשפ״ה,,משיב הרוח,ותן ברכה,,,שויתי ה׳ לנגדי תמיד,,,פרשת ויצא,,דף יומי: בבא בתרא קסב,,5:36 AM,6:10 AM,7:04 AM,8:41 AM,8:49 AM,9:25 AM,10:12 AM,11:47 AM,12:18 PM,2:32 PM,3:32 PM,,4:31 PM,5:16 PM,5:58 PM
Thu,12/5/24,ד׳ כסלו תשפ״ה,,משיב הרוח,ותן טל ומטר,,,שויתי ה׳ לנגדי תמיד,,,פרשת ויצא,,דף יומי: בבא בתרא קסג,,5:37 AM,6:10 AM,7:05 AM,8:42 AM,8:49 AM,9:25 AM,10:13 AM,11:47 AM,12:18 PM,2:32 PM,3:32 PM,,4:31 PM,5:16 PM,5:58 PM
Fri,12/6/24,ה׳ כסלו תשפ״ה,,משיב הרוח,ותן טל ומטר,,הדל״נ 4:13 ,שויתי ה׳ לנגדי תמיד,,,פרשת ויצא,,דף יומי: בבא בתרא קסד,,5:38 AM,6:11 AM,7:05 AM,8:43 AM,8:50 AM,9:26 AM,10:13 AM,11:48 AM,12:19 PM,2:33 PM,3:32 PM,4:13 PM,4:31 PM,5:16 PM,5:58 PM
Sha,12/7/24,ו׳ כסלו תשפ״ה,,משיב הרוח,ותן טל ומטר,,,שויתי ה׳ לנגדי תמיד,,,פרשת ויצא,Vayeitzei,דף יומי: בבא בתרא קסה,,5:39 AM,6:12 AM,7:06 AM,8:43 AM,8:51 AM,9:27 AM,10:14 AM,11:48 AM,12:19 PM,2:33 PM,3:32 PM,,4:31 PM,5:16 PM,5:58 PM
Sun,12/8/24,ז׳ כסלו תשפ״ה,,משיב הרוח,ותן טל ומטר,,,שויתי ה׳ לנגדי תמיד,,,פרשת וישלח,,דף יומי: בבא בתרא קסו,,5:39 AM,6:13 AM,7:07 AM,8:44 AM,8:51 AM,9:27 AM,10:14 AM,11:48 AM,12:19 PM,2:33 PM,3:32 PM,,4:31 PM,5:16 PM,5:59 PM
Mon,12/9/24,ח׳ כסלו תשפ״ה,,משיב הרוח,ותן טל ומטר,,,שויתי ה׳ לנגדי תמיד,,,פרשת וישלח,,דף יומי: בבא בתרא קסז,,5:40 AM,6:14 AM,7:08 AM,8:44 AM,8:52 AM,9:28 AM,10:15 AM,11:49 AM,12:20 PM,2:33 PM,3:32 PM,,4:31 PM,5:16 PM,5:59 PM
Tue,12/10/24,ט׳ כסלו תשפ״ה,,משיב הרוח,ותן טל ומטר,,,שויתי ה׳ לנגדי תמיד,,,פרשת וישלח,,דף יומי: בבא בתרא קסח,,5:41 AM,6:14 AM,7:09 AM,8:45 AM,8:53 AM,9:29 AM,10:16 AM,11:49 AM,12:20 PM,2:34 PM,3:32 PM,,4:31 PM,5:17 PM,5:59 PM
Wed,12/11/24,י׳ כסלו תשפ״ה,,משיב הרוח,ותן טל ומטר,,,שויתי ה׳ לנגדי תמיד,,,פרשת וישלח,,דף יומי: בבא בתרא קסט,,5:42 AM,6:15 AM,7:10 AM,8:46 AM,8:53 AM,9:29 AM,10:16 AM,11:50 AM,12:21 PM,2:34 PM,3:32 PM,,4:31 PM,5:17 PM,5:59 PM
Thu,12/12/24,י״א כסלו תשפ״ה,,משיב הרוח,ותן טל ומטר,,,שויתי ה׳ לנגדי תמיד,,,פרשת וישלח,,דף יומי: בבא בתרא קע,,5:42 AM,6:16 AM,7:10 AM,8:46 AM,8:54 AM,9:30 AM,10:17 AM,11:50 AM,12:21 PM,2:34 PM,3:33 PM,,4:31 PM,5:17 PM,5:59 PM
Fri,12/13/24,י״ב כסלו תשפ״ה,,משיב הרוח,ותן טל ומטר,,הדל״נ 4:13 ,שויתי ה׳ לנגדי תמיד,,,פרשת וישלח,,דף יומי: בבא בתרא קעא,,5:43 AM,6:17 AM,7:11 AM,8:47 AM,8:54 AM,9:30 AM,10:17 AM,11:51 AM,12:22 PM,2:34 PM,3:33 PM,4:13 PM,4:31 PM,5:17 PM,6:00 PM
Sha,12/14/24,י״ג כסלו תשפ״ה,,משיב הרוח,ותן טל ומטר,,,שויתי ה׳ לנגדי תמיד,,,פרשת וישלח,Vayishlach,דף יומי: בבא בתרא קעב,,5:44 AM,6:17 AM,7:12 AM,8:47 AM,8:55 AM,9:31 AM,10:18 AM,11:51 AM,12:22 PM,2:35 PM,3:33 PM,,4:32 PM,5:18 PM,6:00 PM
Sun,12/15/24,י״ד כסלו תשפ״ה,,משיב הרוח,ותן טל ומטר,,,שויתי ה׳ לנגדי תמיד,,,פרשת וישב,,דף יומי: בבא בתרא קעג,,5:44 AM,6:18 AM,7:13 AM,8:48 AM,8:56 AM,9:32 AM,10:18 AM,11:52 AM,12:23 PM,2:35 PM,3:33 PM,,4:32 PM,5:18 PM,6:00 PM
Mon,12/16/24,ט״ו כסלו תשפ״ה,,משיב הרוח,ותן טל ומטר,,,שויתי ה׳ לנגדי תמיד,,,פרשת וישב,,דף יומי: בבא בתרא קעד,,5:45 AM,6:19 AM,7:13 AM,8:49 AM,8:56 AM,9:32 AM,10:19 AM,11:52 AM,12:23 PM,2:36 PM,3:34 PM,,4:32 PM,5:18 PM,6:01 PM
Tue,12/17/24,ט״ז כסלו תשפ״ה,,משיב הרוח,ותן טל ומטר,,,שויתי ה׳ לנגדי תמיד,,,פרשת וישב,,דף יומי: בבא בתרא קעה,,5:45 AM,6:19 AM,7:14 AM,8:49 AM,8:57 AM,9:33 AM,10:19 AM,11:53 AM,12:24 PM,2:36 PM,3:34 PM,,4:33 PM,5:19 PM,6:01 PM
Wed,12/18/24,י״ז כסלו תשפ״ה,,משיב הרוח,ותן טל ומטר,,,שויתי ה׳ לנגדי תמיד,,,פרשת וישב,,דף יומי: בבא בתרא קעו,,5:46 AM,6:20 AM,7:14 AM,8:50 AM,8:57 AM,9:33 AM,10:20 AM,11:53 AM,12:24 PM,2:36 PM,3:35 PM,,4:33 PM,5:19 PM,6:01 PM
Thu,12/19/24,י״ח כסלו תשפ״ה,,משיב הרוח,ותן טל ומטר,,,שויתי ה׳ לנגדי תמיד,,,פרשת וישב,,דף יומי: סנהדרין ב,,5:47 AM,6:20 AM,7:15 AM,8:50 AM,8:58 AM,9:34 AM,10:20 AM,11:54 AM,12:25 PM,2:37 PM,3:35 PM,,4:33 PM,5:19 PM,6:02 PM
Fri,12/20/24,י״ט כסלו תשפ״ה,,משיב הרוח,ותן טל ומטר,,הדל״נ 4:16 ,שויתי ה׳ לנגדי תמיד,,,פרשת וישב,,דף יומי: סנהדרין ג,,5:47 AM,6:21 AM,7:16 AM,8:51 AM,8:58 AM,9:34 AM,10:21 AM,11:54 AM,12:25 PM,2:37 PM,3:36 PM,4:16 PM,4:34 PM,5:20 PM,6:02 PM
Sha,12/21/24,כ׳ כסלו תשפ״ה,,משיב הרוח,ותן טל ומטר,,,שויתי ה׳ לנגדי תמיד,,,פרשת וישב,Vayeishev,דף יומי: סנהדרין ד,,5:48 AM,6:21 AM,7:16 AM,8:51 AM,8:59 AM,9:35 AM,10:22 AM,11:55 AM,12:26 PM,2:38 PM,3:36 PM,,4:34 PM,5:20 PM,6:03 PM
Sun,12/22/24,כ״א כסלו תשפ״ה,,משיב הרוח,ותן טל ומטר,,,שויתי ה׳ לנגדי תמיד,,,פרשת מקץ,,דף יומי: סנהדרין ה,,5:48 AM,6:22 AM,7:17 AM,8:52 AM,8:59 AM,9:35 AM,10:22 AM,11:55 AM,12:26 PM,2:38 PM,3:37 PM,,4:35 PM,5:21 PM,6:03 PM
Mon,12/23/24,כ״ב כסלו תשפ״ה,,משיב הרוח,ותן טל ומטר,,,שויתי ה׳ לנגדי תמיד,,,פרשת מקץ,,דף יומי: סנהדרין ו,,5:49 AM,6:22 AM,7:17 AM,8:52 AM,9:00 AM,9:36 AM,10:22 AM,11:56 AM,12:27 PM,2:39 PM,3:37 PM,,4:35 PM,5:21 PM,6:04 PM
Tue,12/24/24,כ״ג כסלו תשפ״ה,,משיב הרוח,ותן טל ומטר,,,שויתי ה׳ לנגדי תמיד,,,פרשת מקץ,,דף יומי: סנהדרין ז,,5:49 AM,6:23 AM,7:17 AM,8:53 AM,9:00 AM,9:36 AM,10:23 AM,11:56 AM,12:27 PM,2:39 PM,3:38 PM,,4:36 PM,5:22 PM,6:04 PM
Wed,12/25/24,כ״ד כסלו תשפ״ה,,משיב הרוח,ותן טל ומטר,,,שויתי ה׳ לנגדי תמיד,,,פרשת מקץ,,דף יומי: סנהדרין ח,,5:49 AM,6:23 AM,7:18 AM,8:53 AM,9:01 AM,9:37 AM,10:23 AM,11:57 AM,12:28 PM,2:40 PM,3:38 PM,,4:37 PM,5:23 PM,6:05 PM
Thu,12/26/24,כ״ה כסלו תשפ״ה,חנוכה,משיב הרוח,ותן טל ומטר,על הנסים,,שויתי ה׳ לנגדי תמיד,,Chanukah,פרשת מקץ,,דף יומי: סנהדרין ט,,5:50 AM,6:24 AM,7:18 AM,8:54 AM,9:01 AM,9:37 AM,10:24 AM,11:57 AM,12:28 PM,2:41 PM,3:39 PM,,4:37 PM,5:23 PM,6:06 PM
Fri,12/27/24,כ״ו כסלו תשפ״ה,חנוכה,משיב הרוח,ותן טל ומטר,על הנסים,הדל״נ 4:20 ,שויתי ה׳ לנגדי תמיד,,Chanukah,פרשת מקץ,,דף יומי: סנהדרין י,,5:50 AM,6:24 AM,7:18 AM,8:54 AM,9:02 AM,9:38 AM,10:24 AM,11:58 AM,12:29 PM,2:41 PM,3:40 PM,4:20 PM,4:38 PM,5:24 PM,6:06 PM
Sha,12/28/24,כ״ז כסלו תשפ״ה,שבת חנוכה,משיב הרוח,ותן טל ומטר,על הנסים,,שויתי ה׳ לנגדי תמיד,,Shabbos Chanukah,פרשת מקץ,Mikeitz,דף יומי: סנהדרין יא,,5:50 AM,6:24 AM,7:19 AM,8:54 AM,9:02 AM,9:38 AM,10:25 AM,11:58 AM,12:29 PM,2:42 PM,3:40 PM,,4:39 PM,5:25 PM,6:07 PM
Sun,12/29/24,כ״ח כסלו תשפ״ה,חנוכה,משיב הרוח,ותן טל ומטר,על הנסים,,שויתי ה׳ לנגדי תמיד,,Chanukah,,,דף יומי: סנהדרין יב,,5:51 AM,6:24 AM,7:19 AM,8:55 AM,9:02 AM,9:38 AM,10:25 AM,11:59 AM,12:30 PM,2:42 PM,3:41 PM,,4:39 PM,5:25 PM,6:08 PM
Mon,12/30/24,כ״ט כסלו תשפ״ה,חנוכה,משיב הרוח,ותן טל ומטר,על הנסים,,שויתי ה׳ לנגדי תמיד,,Chanukah,,,דף יומי: סנהדרין יג,,5:51 AM,6:25 AM,7:19 AM,8:55 AM,9:03 AM,9:39 AM,10:26 AM,11:59 AM,12:30 PM,2:43 PM,3:42 PM,,4:40 PM,5:26 PM,6:08 PM
Tue,12/31/24,ל׳ כסלו תשפ״ה,ראש חודש טבת,משיב הרוח,ותן טל ומטר,יעלה ויבא,,שויתי ה׳ לנגדי תמיד,,Rosh Chodesh,,,דף יומי: סנהדרין יד,,5:51 AM,6:25 AM,7:19 AM,8:55 AM,9:03 AM,9:39 AM,10:26 AM,12:00 PM,12:31 PM,2:44 PM,3:42 PM,,4:41 PM,5:27 PM,6:09 PM
